interval_begin;interval_end;interval_id;edge_arrived;edge_departed;edge_entered;edge_id;edge_laneChangedFrom;edge_laneChangedTo;edge_left;edge_sampledSeconds
0.00;3600.00;0_to_3600;0;0;0;-1000933268;0;0;0;0.00
0.00;3600.00;0_to_3600;0;0;0;-1006106056#0;0;0;0;0.00
0.00;3600.00;0_to_3600;0;0;0;-1006106056#1;0;0;0;0.00
0.00;3600.00;0_to_3600;5;6;45;-1024105863;0;0;45;481.45
0.00;3600.00;0_to_3600;4;4;23;-1037986847;2;2;23;77.42
0.00;3600.00;0_to_3600;0;0;0;-1056901981#1;0;0;0;0.00
0.00;3600.00;0_to_3600;0;0;0;-1058267556#0;0;0;0;0.00
0.00;3600.00;0_to_3600;0;0;0;-1058267556#1;0;0;0;0.00
0.00;3600.00;0_to_3600;0;0;0;-1059828488;0;0;0;0.00
0.00;3600.00;0_to_3600;0;0;0;-1059828490;0;0;0;0.00
0.00;3600.00;0_to_3600;1;3;56;-1066438511#1;0;0;58;535.17
0.00;3600.00;0_to_3600;0;4;78;-1066478854#1;0;0;82;840.31
0.00;3600.00;0_to_3600;2;3;8;-1080960154#1;0;0;9;436.76
0.00;3600.00;0_to_3600;0;8;0;-1083809476#2;0;0;8;111.88
0.00;3600.00;0_to_3600;0;0;0;-1089556862;0;0;0;0.00
0.00;3600.00;0_to_3600;0;0;0;-1092037414;0;0;0;0.00
0.00;3600.00;0_to_3600;0;0;0;-1092277111#0;0;0;0;0.00
0.00;3600.00;0_to_3600;0;0;0;-1092277112;0;0;0;0.00
0.00;3600.00;0_to_3600;0;0;0;-1092277114#0;0;0;0;0.00
0.00;3600.00;0_to_3600;0;0;0;-1092277114#1;0;0;0;0.00
0.00;3600.00;0_to_3600;0;0;0;-1099375861;0;0;0;0.00
0.00;3600.00;0_to_3600;0;0;0;-1104041094;0;0;0;0.00
0.00;3600.00;0_to_3600;0;0;0;-1104477172;0;0;0;0.00
0.00;3600.00;0_to_3600;4;4;13;-1106583870;0;0;13;223.76
0.00;3600.00;0_to_3600;0;0;0;-1109746214;0;0;0;0.00
0.00;3600.00;0_to_3600;0;0;0;-1109746215;0;0;0;0.00
0.00;3600.00;0_to_3600;0;0;0;-1112471208;0;0;0;0.00
0.00;3600.00;0_to_3600;0;0;0;-1127569560;0;0;0;0.00
0.00;3600.00;0_to_3600;0;0;0;-1143919181;0;0;0;0.00
0.00;3600.00;0_to_3600;7;3;24;-1156329250;0;0;20;22.61
0.00;3600.00;0_to_3600;0;0;0;-1156337048;0;0;0;0.00
0.00;3600.00;0_to_3600;3;8;23;-1167764376;0;0;25;2753.89
0.00;3600.00;0_to_3600;0;0;0;-1174838574;0;0;0;0.00
0.00;3600.00;0_to_3600;0;0;0;-1189500284;0;0;0;0.00
0.00;3600.00;0_to_3600;3;4;85;-119180342#1;4;4;86;119.83
0.00;3600.00;0_to_3600;10;5;74;-121794822#1;0;0;69;2569.44
0.00;3600.00;0_to_3600;4;4;63;-121794822#3;0;0;63;504.42
0.00;3600.00;0_to_3600;1;2;34;-121794822#5;0;0;35;419.92
0.00;3600.00;0_to_3600;1;6;20;-121794822#7;0;0;25;187.12
0.00;3600.00;0_to_3600;2;3;15;-121794822#9;0;0;16;101.72
0.00;3600.00;0_to_3600;0;13;0;-121794824;0;0;13;486.72
0.00;3600.00;0_to_3600;3;5;62;-121794825#0;0;0;64;269.62
0.00;3600.00;0_to_3600;1;6;30;-121794825#2;0;0;35;858.08
0.00;3600.00;0_to_3600;0;12;0;-121794825#3;0;0;12;30.72
0.00;3600.00;0_to_3600;3;2;11;-121794827;0;0;10;427.04
0.00;3600.00;0_to_3600;1;5;28;-1230294701;0;0;31;839.29
0.00;3600.00;0_to_3600;0;0;0;-1236138839;0;0;0;0.00
0.00;3600.00;0_to_3600;0;0;0;-1236138842;0;0;0;0.00
0.00;3600.00;0_to_3600;0;0;0;-1236456856;0;0;0;0.00
0.00;3600.00;0_to_3600;0;0;0;-1238081828#1;0;0;0;0.00
0.00;3600.00;0_to_3600;0;0;0;-1239207127#1;0;0;0;0.00
0.00;3600.00;0_to_3600;0;0;0;-1239219872#1;0;0;0;0.00
0.00;3600.00;0_to_3600;0;0;0;-1245256709;0;0;0;0.00
0.00;3600.00;0_to_3600;0;0;0;-1245258622;0;0;0;0.00
0.00;3600.00;0_to_3600;5;0;5;-1263793722#2;0;0;0;106.30
0.00;3600.00;0_to_3600;2;3;9;-1263793723;0;0;10;66.52
0.00;3600.00;0_to_3600;1;6;44;-1267194155#2;0;0;49;310.86
0.00;3600.00;0_to_3600;0;0;0;-1305384085;0;0;0;0.00
0.00;3600.00;0_to_3600;0;0;0;-1305393686;0;0;0;0.00
0.00;3600.00;0_to_3600;3;3;47;-1307684786#1;0;0;47;431.81
0.00;3600.00;0_to_3600;0;0;0;-131916344;0;0;0;0.00
0.00;3600.00;0_to_3600;0;0;0;-131916348#3;0;0;0;0.00
0.00;3600.00;0_to_3600;0;0;0;-131954303;0;0;0;0.00
0.00;3600.00;0_to_3600;0;0;0;-132043932;0;0;0;0.00
0.00;3600.00;0_to_3600;0;0;0;-132043933;0;0;0;0.00
0.00;3600.00;0_to_3600;0;0;0;-132043934#0;0;0;0;0.00
0.00;3600.00;0_to_3600;0;0;0;-132043934#1;0;0;0;0.00
0.00;3600.00;0_to_3600;3;3;203;-132148870#1;0;0;203;3237.18
0.00;3600.00;0_to_3600;3;4;265;-132148870#2;0;0;266;829.97
0.00;3600.00;0_to_3600;0;0;0;-132376877;0;0;0;0.00
0.00;3600.00;0_to_3600;0;0;0;-132453746;0;0;0;0.00
0.00;3600.00;0_to_3600;0;0;0;-132453750#1;0;0;0;0.00
0.00;3600.00;0_to_3600;0;0;0;-132453751;0;0;0;0.00
0.00;3600.00;0_to_3600;0;0;0;-132453755;0;0;0;0.00
0.00;3600.00;0_to_3600;0;0;0;-132453762;0;0;0;0.00
0.00;3600.00;0_to_3600;0;0;0;-132928975;0;0;0;0.00
0.00;3600.00;0_to_3600;0;0;0;-13548482#0;0;0;0;0.00
0.00;3600.00;0_to_3600;0;0;0;-13548482#1;0;0;0;0.00
0.00;3600.00;0_to_3600;0;0;0;-137118865;0;0;0;0.00
0.00;3600.00;0_to_3600;0;0;0;-137419461#0;0;0;0;0.00
0.00;3600.00;0_to_3600;0;0;0;-137419461#1;0;0;0;0.00
0.00;3600.00;0_to_3600;0;0;0;-137419461#2;0;0;0;0.00
0.00;3600.00;0_to_3600;0;0;0;-137634033;0;0;0;0.00
0.00;3600.00;0_to_3600;6;0;6;-13764245#1;0;0;0;177.94
0.00;3600.00;0_to_3600;0;12;0;-13764247#1;0;0;7;3834.01
0.00;3600.00;0_to_3600;2;3;47;-13764389;0;0;48;51.79
0.00;3600.00;0_to_3600;4;3;250;-13853658;0;0;249;2588.23
0.00;3600.00;0_to_3600;4;2;117;-13853659#0;0;0;115;891.15
0.00;3600.00;0_to_3600;4;2;119;-13853659#1;0;0;117;795.21
0.00;3600.00;0_to_3600;4;1;4;-13853663;0;0;1;101.83
0.00;3600.00;0_to_3600;0;0;0;-138717593#0;0;0;0;0.00
0.00;3600.00;0_to_3600;0;0;0;-138717593#1;0;0;0;0.00
0.00;3600.00;0_to_3600;0;0;0;-138748684;0;0;0;0.00
0.00;3600.00;0_to_3600;0;0;0;-138748689;0;0;0;0.00
0.00;3600.00;0_to_3600;7;5;77;-14118784#0;0;0;75;1240.45
0.00;3600.00;0_to_3600;3;1;72;-14118784#2;0;0;70;377.70
0.00;3600.00;0_to_3600;0;14;9;-14362916#1;0;0;23;609.19
0.00;3600.00;0_to_3600;0;0;0;-14475193#5;0;0;0;0.00
0.00;3600.00;0_to_3600;0;20;0;-145550725#1;0;0;19;732.70
0.00;3600.00;0_to_3600;14;0;14;-14858868;0;0;0;144.64
0.00;3600.00;0_to_3600;12;0;12;-150275972;0;0;0;159.31
0.00;3600.00;0_to_3600;1;8;44;-150275984#0;0;0;51;525.80
0.00;3600.00;0_to_3600;4;2;46;-150275984#1;0;0;44;208.73
0.00;3600.00;0_to_3600;2;4;44;-150275984#2;0;0;46;78.17
0.00;3600.00;0_to_3600;3;3;44;-150275984#3;0;0;44;172.21
0.00;3600.00;0_to_3600;5;3;46;-150275984#4;0;0;44;244.06
0.00;3600.00;0_to_3600;3;2;46;-150275984#6;0;0;45;539.90
0.00;3600.00;0_to_3600;16;0;16;-150275985#2;0;0;0;126.69
0.00;3600.00;0_to_3600;2;2;180;-150275986#1;0;0;180;2773.95
0.00;3600.00;0_to_3600;3;1;250;-150275986#2;0;0;248;1720.66
0.00;3600.00;0_to_3600;5;9;246;-150275986#3;0;0;250;577.91
0.00;3600.00;0_to_3600;1;7;240;-150275986#4;0;0;246;201.78
0.00;3600.00;0_to_3600;2;4;46;-150275988#2;0;0;48;546.53
0.00;3600.00;0_to_3600;2;2;46;-150275988#4;0;0;46;347.71
0.00;3600.00;0_to_3600;2;7;41;-150275988#5;0;0;46;506.54
0.00;3600.00;0_to_3600;0;0;0;-150275992#1;0;0;0;0.00
0.00;3600.00;0_to_3600;4;2;50;-150276003#1;0;0;48;768.55
0.00;3600.00;0_to_3600;2;7;20;-150276003#2;0;0;25;771.39
0.00;3600.00;0_to_3600;1;2;14;-15089551;0;0;15;136.78
0.00;3600.00;0_to_3600;0;11;0;-155472436#1;0;0;11;177.52
0.00;3600.00;0_to_3600;0;0;0;-159636087;0;0;0;0.00
0.00;3600.00;0_to_3600;1;5;103;-17073048#1;0;0;107;339.91
0.00;3600.00;0_to_3600;0;0;0;-175976586#3;0;0;0;0.00
0.00;3600.00;0_to_3600;0;0;0;-175976586#5;0;0;0;0.00
0.00;3600.00;0_to_3600;0;0;0;-175976586#7;0;0;0;0.00
0.00;3600.00;0_to_3600;2;8;6;-17670100#4;0;0;12;180.30
0.00;3600.00;0_to_3600;0;0;0;-17670100#6;0;0;0;0.00
0.00;3600.00;0_to_3600;2;2;11;-17671153;0;0;11;24.04
0.00;3600.00;0_to_3600;5;6;60;-220267104#1;0;0;61;413.87
0.00;3600.00;0_to_3600;2;0;150;-220267105#0;0;0;148;606.61
0.00;3600.00;0_to_3600;2;7;125;-220267105#1;0;0;128;1564.33
0.00;3600.00;0_to_3600;2;4;207;-220267105#2;0;0;208;2742.80
0.00;3600.00;0_to_3600;3;8;197;-220267105#3;0;0;202;1067.60
0.00;3600.00;0_to_3600;5;1;201;-220267105#4;0;0;197;1243.82
0.00;3600.00;0_to_3600;0;18;0;-220267106#1;0;0;18;516.04
0.00;3600.00;0_to_3600;6;4;32;-220267107#0;0;0;30;404.14
0.00;3600.00;0_to_3600;5;5;65;-220267107#1;0;0;65;798.89
0.00;3600.00;0_to_3600;4;3;35;-220267108#2;0;0;34;263.45
0.00;3600.00;0_to_3600;3;7;36;-220267247#0;0;0;40;144.69
0.00;3600.00;0_to_3600;2;6;29;-220267247#1;0;0;33;144.13
0.00;3600.00;0_to_3600;3;4;28;-220267247#2;0;0;29;37.25
0.00;3600.00;0_to_3600;0;16;12;-220267247#5;0;0;28;350.33
0.00;3600.00;0_to_3600;12;0;12;-23084263#0;0;0;0;148.42
0.00;3600.00;0_to_3600;3;4;13;-23084263#2;0;0;14;140.42
0.00;3600.00;0_to_3600;3;2;21;-23084282;0;0;20;566.20
0.00;3600.00;0_to_3600;5;0;5;-231475826#2;0;0;0;64.15
0.00;3600.00;0_to_3600;0;0;0;-231483332#2;0;0;0;0.00
0.00;3600.00;0_to_3600;2;5;179;-231940830#3;0;0;180;5867.55
0.00;3600.00;0_to_3600;0;7;10;-236306864#4;0;0;17;280.78
0.00;3600.00;0_to_3600;4;6;75;-237344387;0;0;77;889.57
0.00;3600.00;0_to_3600;0;0;0;-23912283#1;0;0;0;0.00
0.00;3600.00;0_to_3600;2;3;15;-239757763;0;0;16;270.57
0.00;3600.00;0_to_3600;4;4;67;-239757874#1;0;0;67;1614.16
0.00;3600.00;0_to_3600;2;2;19;-239757874#3;0;0;19;50.62
0.00;3600.00;0_to_3600;3;5;6;-239758251;0;0;8;255.79
0.00;3600.00;0_to_3600;1;2;181;-239923867#1;0;0;156;43473.90
0.00;3600.00;0_to_3600;6;10;86;-240549301;0;0;90;3801.42
0.00;3600.00;0_to_3600;2;4;34;-244422543#1;0;0;36;661.49
0.00;3600.00;0_to_3600;6;6;88;-244422544#1;0;0;88;1587.05
0.00;3600.00;0_to_3600;2;1;136;-265113917#1;0;0;135;1260.81
0.00;3600.00;0_to_3600;10;4;32;-27807643#2;0;0;26;562.17
0.00;3600.00;0_to_3600;3;7;12;-27882418#1;0;0;16;87.03
0.00;3600.00;0_to_3600;2;5;82;-27882429#2;0;0;85;1634.77
0.00;3600.00;0_to_3600;0;0;0;-28574666#1;0;0;0;0.00
0.00;3600.00;0_to_3600;0;0;0;-28575360;0;0;0;0.00
0.00;3600.00;0_to_3600;1;6;107;-290172304;0;0;109;1606.05
0.00;3600.00;0_to_3600;2;4;35;-290172305#0;0;0;37;314.08
0.00;3600.00;0_to_3600;4;6;45;-290174549#0;0;0;46;954.14
0.00;3600.00;0_to_3600;5;4;48;-290174549#3;0;0;46;130.04
0.00;3600.00;0_to_3600;6;8;22;-29023870#1;0;0;24;175.11
0.00;3600.00;0_to_3600;3;2;29;-291949061#2;0;0;28;1266.15
0.00;3600.00;0_to_3600;0;0;0;-302657565#1;0;0;0;0.00
0.00;3600.00;0_to_3600;0;25;0;-30324793;0;0;24;446.07
0.00;3600.00;0_to_3600;3;3;17;-305670610;0;0;17;53.49
0.00;3600.00;0_to_3600;0;0;0;-308617262;0;0;0;0.00
0.00;3600.00;0_to_3600;5;3;20;-31411680#2;0;0;18;368.62
0.00;3600.00;0_to_3600;3;6;86;-31411842#1;0;0;89;1548.90
0.00;3600.00;0_to_3600;0;0;0;-31411969;0;0;0;0.00
0.00;3600.00;0_to_3600;1;2;38;-31428170#1;0;0;39;838.76
0.00;3600.00;0_to_3600;3;6;253;-31431101#1;0;0;240;5746.88
0.00;3600.00;0_to_3600;4;7;243;-31431101#2;0;0;244;1791.97
0.00;3600.00;0_to_3600;2;3;242;-31431101#4;0;0;243;1946.88
0.00;3600.00;0_to_3600;6;4;244;-31431101#5;0;0;242;773.87
0.00;3600.00;0_to_3600;2;3;25;-31431343#2;0;0;26;290.53
0.00;3600.00;0_to_3600;3;3;3;-31445160#0;0;0;3;107.38
0.00;3600.00;0_to_3600;3;8;7;-31445160#2;0;0;12;241.30
0.00;3600.00;0_to_3600;1;1;160;-31459223#1;0;0;152;3609.19
0.00;3600.00;0_to_3600;16;0;18;-31512978#1;0;0;2;56.64
0.00;3600.00;0_to_3600;3;2;11;-31512978#2;0;0;10;12.44
0.00;3600.00;0_to_3600;0;0;0;-31516327#0;0;0;0;0.00
0.00;3600.00;0_to_3600;0;0;0;-31516327#1;0;0;0;0.00
0.00;3600.00;0_to_3600;4;4;26;-31519076#0;0;0;26;184.32
0.00;3600.00;0_to_3600;4;6;24;-31519076#1;0;0;26;367.29
0.00;3600.00;0_to_3600;3;1;26;-31519076#2;0;0;24;474.26
0.00;3600.00;0_to_3600;4;4;134;-32200291;0;0;134;1763.75
0.00;3600.00;0_to_3600;7;8;24;-327412184;0;0;25;553.15
0.00;3600.00;0_to_3600;2;4;43;-33301560#1;0;0;45;192.21
0.00;3600.00;0_to_3600;0;0;0;-33301680#1;0;0;0;0.00
0.00;3600.00;0_to_3600;2;5;79;-34065519;0;0;82;656.18
0.00;3600.00;0_to_3600;0;0;0;-366576297;0;0;0;0.00
0.00;3600.00;0_to_3600;0;24;0;-36786443#2;0;0;24;3130.85
0.00;3600.00;0_to_3600;0;5;4;-36786444#2;3;3;9;105.94
0.00;3600.00;0_to_3600;30;5;179;-36786445#2;104;104;154;2222.19
0.00;3600.00;0_to_3600;0;0;0;-37346632#1;0;0;0;0.00
0.00;3600.00;0_to_3600;0;0;0;-377719665;0;0;0;0.00
0.00;3600.00;0_to_3600;0;0;0;-396062730;0;0;0;0.00
0.00;3600.00;0_to_3600;0;0;0;-396636211;0;0;0;0.00
0.00;3600.00;0_to_3600;0;0;0;-396957783;0;0;0;0.00
0.00;3600.00;0_to_3600;2;5;81;-400062404;0;0;84;210.91
0.00;3600.00;0_to_3600;1;4;115;-400062405;0;0;118;938.12
0.00;3600.00;0_to_3600;0;0;0;-400587011;0;0;0;0.00
0.00;3600.00;0_to_3600;0;0;0;-400587016#0;0;0;0;0.00
0.00;3600.00;0_to_3600;0;0;0;-400587016#1;0;0;0;0.00
0.00;3600.00;0_to_3600;0;0;0;-400603376#1;0;0;0;0.00
0.00;3600.00;0_to_3600;0;0;0;-400961616;0;0;0;0.00
0.00;3600.00;0_to_3600;0;0;0;-400961623;0;0;0;0.00
0.00;3600.00;0_to_3600;0;0;0;-401041385#1;0;0;0;0.00
0.00;3600.00;0_to_3600;0;0;0;-403882372;0;0;0;0.00
0.00;3600.00;0_to_3600;3;1;94;-40493501#0;0;0;89;591.39
0.00;3600.00;0_to_3600;2;5;92;-40493501#1;0;0;94;797.39
0.00;3600.00;0_to_3600;4;4;92;-40493501#2;0;0;92;342.23
0.00;3600.00;0_to_3600;1;6;74;-40493501#3;0;0;77;1875.86
0.00;3600.00;0_to_3600;0;6;79;-40493501#4;0;0;85;640.39
0.00;3600.00;0_to_3600;9;8;35;-40493652;0;0;34;68.86
0.00;3600.00;0_to_3600;17;0;17;-40598675#2;0;0;0;214.49
0.00;3600.00;0_to_3600;3;3;31;-40598675#3;0;0;31;604.62
0.00;3600.00;0_to_3600;0;0;0;-409506868;0;0;0;0.00
0.00;3600.00;0_to_3600;3;5;140;-414404581#1;0;0;141;944.21
0.00;3600.00;0_to_3600;0;0;0;-430147229#1;0;0;0;0.00
0.00;3600.00;0_to_3600;3;4;54;-4312572#1;0;0;55;1570.02
0.00;3600.00;0_to_3600;5;5;32;-4312633;0;0;32;446.84
0.00;3600.00;0_to_3600;4;5;40;-4318228#2;0;0;41;1697.71
0.00;3600.00;0_to_3600;3;6;274;-4318237#2;0;0;277;4439.16
0.00;3600.00;0_to_3600;0;14;9;-4318239#1;0;0;23;612.28
0.00;3600.00;0_to_3600;0;0;0;-4318240#0;0;0;0;0.00
0.00;3600.00;0_to_3600;0;0;0;-4318240#1;0;0;0;0.00
0.00;3600.00;0_to_3600;5;2;23;-4318242#1;0;0;20;341.43
0.00;3600.00;0_to_3600;0;16;16;-433333438#1;16;16;32;182.56
0.00;3600.00;0_to_3600;14;0;20;-434361017#1;0;0;6;155.44
0.00;3600.00;0_to_3600;13;0;13;-43963512#1;0;0;0;97.86
0.00;3600.00;0_to_3600;11;0;11;-4426074#1;0;0;0;457.58
0.00;3600.00;0_to_3600;7;0;7;-4426075#1;0;0;0;221.62
0.00;3600.00;0_to_3600;13;0;19;-4426076#0;0;0;6;94.77
0.00;3600.00;0_to_3600;3;4;18;-4426076#2;0;0;19;184.20
0.00;3600.00;0_to_3600;1;5;97;-450925440;0;0;101;637.80
0.00;3600.00;0_to_3600;2;6;23;-47027406;0;0;27;57.48
0.00;3600.00;0_to_3600;3;6;394;-47027743#2;0;0;389;8598.21
0.00;3600.00;0_to_3600;2;2;15;-47027857#1;0;0;15;22.98
0.00;3600.00;0_to_3600;5;6;27;-4726710#0;0;0;28;271.44
0.00;3600.00;0_to_3600;0;14;13;-4726710#1;0;0;27;85.36
0.00;3600.00;0_to_3600;1;3;49;-4726711#0;0;0;51;923.42
0.00;3600.00;0_to_3600;1;3;40;-4726711#1;0;0;42;540.85
0.00;3600.00;0_to_3600;4;4;13;-4730648#1;0;0;12;277.53
0.00;3600.00;0_to_3600;2;3;12;-4730648#2;0;0;13;97.35
0.00;3600.00;0_to_3600;0;12;1;-4730648#4;0;0;13;36.61
0.00;3600.00;0_to_3600;1;7;25;-47426239;0;0;31;464.52
0.00;3600.00;0_to_3600;4;3;163;-47426241#1;0;0;155;5380.06
0.00;3600.00;0_to_3600;2;6;190;-47426244#0;0;0;194;1709.80
0.00;3600.00;0_to_3600;3;6;187;-47426244#1;0;0;190;818.80
0.00;3600.00;0_to_3600;3;4;186;-47426244#2;0;0;187;1694.22
0.00;3600.00;0_to_3600;3;5;121;-47446166;0;0;121;1009.86
0.00;3600.00;0_to_3600;2;6;152;-4760584#1;0;0;145;7356.65
0.00;3600.00;0_to_3600;1;4;42;-47895849#0;0;0;45;409.05
0.00;3600.00;0_to_3600;1;3;40;-47895849#3;0;0;42;715.24
0.00;3600.00;0_to_3600;5;3;119;-47895849#4;0;0;117;1162.48
0.00;3600.00;0_to_3600;4;4;115;-47896065;0;0;115;1720.22
0.00;3600.00;0_to_3600;6;4;57;-47999870;0;0;55;465.08
0.00;3600.00;0_to_3600;4;7;7;-47999871;0;0;10;329.89
0.00;3600.00;0_to_3600;0;0;0;-480301021#1;0;0;0;0.00
0.00;3600.00;0_to_3600;0;0;0;-480522772;0;0;0;0.00
0.00;3600.00;0_to_3600;0;14;0;-480937385;0;0;14;127.34
0.00;3600.00;0_to_3600;5;8;229;-507534348#1;0;0;231;1909.11
0.00;3600.00;0_to_3600;10;0;10;-510702675#4;0;0;0;133.97
0.00;3600.00;0_to_3600;3;5;53;-510702678#1;0;0;54;828.87
0.00;3600.00;0_to_3600;0;20;12;-523287556;0;0;32;91.60
0.00;3600.00;0_to_3600;4;0;17;-524150306#1;13;13;13;442.74
0.00;3600.00;0_to_3600;3;8;13;-524150311#0;0;0;17;52.24
0.00;3600.00;0_to_3600;5;4;14;-524150311#1;3;3;13;138.28
0.00;3600.00;0_to_3600;3;5;39;-524150320#2;5;5;41;322.43
0.00;3600.00;0_to_3600;3;6;147;-524150326;0;0;150;1087.51
0.00;3600.00;0_to_3600;3;5;150;-524150333#1;0;0;151;2551.91
0.00;3600.00;0_to_3600;3;3;153;-524150338#1;7;7;153;2981.09
0.00;3600.00;0_to_3600;4;7;153;-524150342;3;3;156;267.76
0.00;3600.00;0_to_3600;6;0;151;-524150347#1;0;0;144;1825.20
0.00;3600.00;0_to_3600;5;2;226;-5450857#1;0;0;223;2480.83
0.00;3600.00;0_to_3600;0;0;0;-5450858#1;0;0;0;0.00
0.00;3600.00;0_to_3600;0;0;0;-5451797;0;0;0;0.00
0.00;3600.00;0_to_3600;0;0;0;-5451917#2;0;0;0;0.00
0.00;3600.00;0_to_3600;0;0;0;-555922918#4;0;0;0;0.00
0.00;3600.00;0_to_3600;0;9;81;-62020321;26;26;89;1452.90
0.00;3600.00;0_to_3600;8;3;218;-628755543;0;0;212;1706.44
0.00;3600.00;0_to_3600;2;3;367;-628755544#1;0;0;365;10516.30
0.00;3600.00;0_to_3600;2;3;366;-628755544#4;0;0;367;2787.03
0.00;3600.00;0_to_3600;2;2;347;-628755546#4;0;0;345;5070.23
0.00;3600.00;0_to_3600;0;2;10;-628755547#3;0;0;12;243.71
0.00;3600.00;0_to_3600;0;1;9;-628755547#6;0;0;10;95.27
0.00;3600.00;0_to_3600;4;6;177;-628757206#2;0;0;179;2694.17
0.00;3600.00;0_to_3600;3;8;41;-628762073#5;0;0;46;1467.58
0.00;3600.00;0_to_3600;0;14;0;-628762074#2;0;0;14;165.12
0.00;3600.00;0_to_3600;0;3;5;-628782530;0;0;8;54.03
0.00;3600.00;0_to_3600;5;2;36;-643081314#1;0;0;33;61.94
0.00;3600.00;0_to_3600;0;0;0;-644462282;0;0;0;0.00
0.00;3600.00;0_to_3600;0;0;0;-654207094;0;0;0;0.00
0.00;3600.00;0_to_3600;0;0;0;-654207097#1;0;0;0;0.00
0.00;3600.00;0_to_3600;0;0;0;-654207098#1;0;0;0;0.00
0.00;3600.00;0_to_3600;0;0;0;-654207105#0;0;0;0;0.00
0.00;3600.00;0_to_3600;0;0;0;-654207105#1;0;0;0;0.00
0.00;3600.00;0_to_3600;0;0;0;-654207105#2;0;0;0;0.00
0.00;3600.00;0_to_3600;0;0;0;-654207105#3;0;0;0;0.00
0.00;3600.00;0_to_3600;16;0;25;-654207120;0;0;9;42.43
0.00;3600.00;0_to_3600;0;12;3;-654207122;0;0;15;37.67
0.00;3600.00;0_to_3600;15;0;15;-654207127#1;0;0;0;528.27
0.00;3600.00;0_to_3600;1;1;1;-654207127#2;0;0;1;74.65
0.00;3600.00;0_to_3600;5;0;16;-654207127#3;0;0;11;123.11
0.00;3600.00;0_to_3600;3;3;15;-654207127#4;0;0;15;253.60
0.00;3600.00;0_to_3600;3;4;28;-654207127#5;0;0;29;362.67
0.00;3600.00;0_to_3600;4;3;4;-654207127#8;0;0;3;55.59
0.00;3600.00;0_to_3600;0;0;0;-690208690;0;0;0;0.00
0.00;3600.00;0_to_3600;3;2;203;-70724345#1;0;0;202;2257.56
0.00;3600.00;0_to_3600;3;2;58;-70724346#1;0;0;57;122.03
0.00;3600.00;0_to_3600;3;2;59;-70724346#3;0;0;58;353.79
0.00;3600.00;0_to_3600;2;1;51;-70724349;0;0;50;921.02
0.00;3600.00;0_to_3600;2;1;39;-7682863#1;0;0;27;25053.90
0.00;3600.00;0_to_3600;2;4;29;-7682866#1;0;0;27;3595.39
0.00;3600.00;0_to_3600;2;1;30;-7682866#3;0;0;29;127.38
0.00;3600.00;0_to_3600;6;8;7;-781650841;0;0;9;178.78
0.00;3600.00;0_to_3600;2;6;6;-781742860#0;0;0;10;275.18
0.00;3600.00;0_to_3600;0;0;4;-781742860#2;0;0;4;0.00
0.00;3600.00;0_to_3600;3;6;203;-781742860#5;0;0;202;7099.78
0.00;3600.00;0_to_3600;1;4;222;-781742860#8;0;0;207;19775.99
0.00;3600.00;0_to_3600;0;0;0;-786582202;0;0;0;0.00
0.00;3600.00;0_to_3600;3;3;8;-803266531#0;0;0;8;39.65
0.00;3600.00;0_to_3600;5;3;40;-8139943#1;0;0;38;275.37
0.00;3600.00;0_to_3600;2;3;49;-8140188#10;0;0;50;786.78
0.00;3600.00;0_to_3600;4;1;52;-8140188#16;0;0;49;1048.06
0.00;3600.00;0_to_3600;3;6;15;-8140188#2;0;0;18;192.40
0.00;3600.00;0_to_3600;0;2;24;-8140188#4;0;0;26;274.55
0.00;3600.00;0_to_3600;1;4;38;-8140188#8;0;0;41;644.81
0.00;3600.00;0_to_3600;2;3;46;-8140193#2;0;0;47;890.18
0.00;3600.00;0_to_3600;3;4;37;-8140196;0;0;37;478.67
0.00;3600.00;0_to_3600;7;3;89;-8140197#2;0;0;80;1410.57
0.00;3600.00;0_to_3600;0;0;0;-819874583;0;0;0;0.00
0.00;3600.00;0_to_3600;3;5;55;-8250527#0;0;0;57;637.42
0.00;3600.00;0_to_3600;1;2;62;-8250527#1;0;0;62;540.35
0.00;3600.00;0_to_3600;2;5;25;-8250533#1;0;0;28;713.14
0.00;3600.00;0_to_3600;0;0;0;-826580379;0;0;0;0.00
0.00;3600.00;0_to_3600;5;2;180;-829968896#1;0;0;177;231.43
0.00;3600.00;0_to_3600;4;0;48;-829968897;0;0;44;163.25
0.00;3600.00;0_to_3600;5;4;33;-832487280;0;0;32;319.33
0.00;3600.00;0_to_3600;2;3;65;-832629331#1;0;0;48;12268.33
0.00;3600.00;0_to_3600;0;0;0;-83629545#0;0;0;0;0.00
0.00;3600.00;0_to_3600;0;0;0;-83629545#1;0;0;0;0.00
0.00;3600.00;0_to_3600;2;4;26;-8382281#2;0;0;28;899.67
0.00;3600.00;0_to_3600;2;6;160;-8382282#1;0;0;164;858.72
0.00;3600.00;0_to_3600;1;6;180;-8382283#2;0;0;184;1375.75
0.00;3600.00;0_to_3600;1;1;139;-8382283#3;0;0;139;188.54
0.00;3600.00;0_to_3600;3;7;151;-8382302#0;0;0;154;1873.60
0.00;3600.00;0_to_3600;5;1;26;-8382302#1;0;0;22;701.94
0.00;3600.00;0_to_3600;3;9;28;-8382305;0;0;33;910.98
0.00;3600.00;0_to_3600;3;1;81;-8382358;0;0;79;571.92
0.00;3600.00;0_to_3600;3;0;18;-8382368#2;0;0;15;370.66
0.00;3600.00;0_to_3600;1;2;55;-8382391#1;0;0;43;17872.27
0.00;3600.00;0_to_3600;4;4;21;-8382393#2;0;0;20;436.52
0.00;3600.00;0_to_3600;6;5;23;-8382393#3;0;0;22;473.25
0.00;3600.00;0_to_3600;5;5;116;-8382429#1;0;0;113;2874.63
0.00;3600.00;0_to_3600;4;5;22;-8382443;0;0;23;641.45
0.00;3600.00;0_to_3600;1;3;8;-8382444;0;0;10;305.98
0.00;3600.00;0_to_3600;0;8;68;-8382445#1;0;0;71;1210.54
0.00;3600.00;0_to_3600;2;2;48;-8382445#2;0;0;47;436.02
0.00;3600.00;0_to_3600;1;4;150;-8382447#1;0;0;153;313.70
0.00;3600.00;0_to_3600;3;4;144;-8382447#4;0;0;144;1996.65
0.00;3600.00;0_to_3600;5;6;41;-8384914;0;0;42;527.07
0.00;3600.00;0_to_3600;2;6;126;-8384930#1;0;0;129;9574.98
0.00;3600.00;0_to_3600;3;3;74;-8385415#0;0;0;74;391.42
0.00;3600.00;0_to_3600;3;3;99;-8385415#3;0;0;87;33605.25
0.00;3600.00;0_to_3600;3;1;5;-87286857;0;0;3;13.00
0.00;3600.00;0_to_3600;4;2;50;-875772621#1;0;0;48;2212.79
0.00;3600.00;0_to_3600;0;0;4;-900443644#2;0;0;4;0.00
0.00;3600.00;0_to_3600;0;20;4;-9387033#3;0;0;24;877.37
0.00;3600.00;0_to_3600;0;0;0;-947381462;0;0;0;0.00
0.00;3600.00;0_to_3600;4;3;23;-95742119#1;0;0;22;83.59
0.00;3600.00;0_to_3600;0;15;0;-96016135;0;0;15;29.40
0.00;3600.00;0_to_3600;0;17;0;-96018881#4;0;0;16;947.76
0.00;3600.00;0_to_3600;1;4;202;-960773147;0;0;205;1283.27
0.00;3600.00;0_to_3600;0;0;0;-998997383;0;0;0;0.00
0.00;3600.00;0_to_3600;0;0;0;-998997384#2;0;0;0;0.00
0.00;3600.00;0_to_3600;0;0;0;-999084929;0;0;0;0.00
0.00;3600.00;0_to_3600;0;0;0;-999084931#0;0;0;0;0.00
0.00;3600.00;0_to_3600;0;0;0;-999084931#1;0;0;0;0.00
0.00;3600.00;0_to_3600;0;0;0;1000933268;0;0;0;0.00
0.00;3600.00;0_to_3600;0;0;0;1006106056#0;0;0;0;0.00
0.00;3600.00;0_to_3600;0;0;0;1006106056#1;0;0;0;0.00
0.00;3600.00;0_to_3600;3;0;58;1024105863;0;0;52;1430.52
0.00;3600.00;0_to_3600;2;5;19;1037986847;0;0;22;23.15
0.00;3600.00;0_to_3600;5;4;85;1041085657#0;0;0;83;1819.60
0.00;3600.00;0_to_3600;1;6;64;1053478468#0;0;0;69;2832.20
0.00;3600.00;0_to_3600;2;3;84;1053478469#0;0;0;79;12835.66
0.00;3600.00;0_to_3600;2;4;42;1053478469#1;0;0;40;6996.56
0.00;3600.00;0_to_3600;2;7;287;1053478470;0;0;287;10108.72
0.00;3600.00;0_to_3600;3;2;51;1053478471;0;0;42;12824.38
0.00;3600.00;0_to_3600;0;0;33;1053478472#0;0;0;33;28.21
0.00;3600.00;0_to_3600;2;4;42;1053478472#1;0;0;39;4142.66
0.00;3600.00;0_to_3600;0;0;0;1056901981#0;0;0;0;0.00
0.00;3600.00;0_to_3600;0;0;0;1058267556#1;0;0;0;0.00
0.00;3600.00;0_to_3600;0;0;0;1058268367;0;0;0;0.00
0.00;3600.00;0_to_3600;0;0;0;1062952936;0;0;0;0.00
0.00;3600.00;0_to_3600;3;2;324;1066431524#0;16;16;317;6105.36
0.00;3600.00;0_to_3600;2;5;100;1066431525;0;0;85;22548.88
0.00;3600.00;0_to_3600;2;5;30;1066438511#0;0;0;32;361.03
0.00;3600.00;0_to_3600;5;1;16;107118812;0;0;12;262.03
0.00;3600.00;0_to_3600;0;4;13;1080960154#0;0;0;17;675.15
0.00;3600.00;0_to_3600;15;0;15;1083809476#0;0;0;0;149.01
0.00;3600.00;0_to_3600;3;4;498;1089552776#1;0;0;497;3804.64
0.00;3600.00;0_to_3600;0;0;0;1089556862;0;0;0;0.00
0.00;3600.00;0_to_3600;2;6;121;1091652283;26;26;124;1526.40
0.00;3600.00;0_to_3600;3;2;255;1091652430;8;8;253;1094.43
0.00;3600.00;0_to_3600;0;0;0;1092037414;0;0;0;0.00
0.00;3600.00;0_to_3600;0;0;0;1092277111#0;0;0;0;0.00
0.00;3600.00;0_to_3600;0;0;0;1092277111#1;0;0;0;0.00
0.00;3600.00;0_to_3600;0;0;0;1092277114#0;0;0;0;0.00
0.00;3600.00;0_to_3600;0;0;0;1092277114#1;0;0;0;0.00
0.00;3600.00;0_to_3600;2;5;175;109398805;0;0;177;3263.49
0.00;3600.00;0_to_3600;8;2;58;1098324353;0;0;52;54.78
0.00;3600.00;0_to_3600;3;3;97;1098324354;0;0;97;92.80
0.00;3600.00;0_to_3600;5;5;50;1098324355;0;0;50;47.36
0.00;3600.00;0_to_3600;0;0;0;1099375862;0;0;0;0.00
0.00;3600.00;0_to_3600;0;19;0;109993439;0;0;19;93.21
0.00;3600.00;0_to_3600;0;0;0;1104041094;0;0;0;0.00
0.00;3600.00;0_to_3600;2;2;7;1106583870;0;0;6;99.69
0.00;3600.00;0_to_3600;0;0;0;1109746214;0;0;0;0.00
0.00;3600.00;0_to_3600;0;0;0;1109746215;0;0;0;0.00
0.00;3600.00;0_to_3600;4;3;41;1111106315;0;0;40;487.12
0.00;3600.00;0_to_3600;2;4;27;1111110395;0;0;29;420.44
0.00;3600.00;0_to_3600;0;0;0;1112471208;0;0;0;0.00
0.00;3600.00;0_to_3600;2;8;32;111691945;0;0;38;164.26
0.00;3600.00;0_to_3600;0;0;0;1127569558;0;0;0;0.00
0.00;3600.00;0_to_3600;0;0;0;1127569559;0;0;0;0.00
0.00;3600.00;0_to_3600;0;0;0;1127569560;0;0;0;0.00
0.00;3600.00;0_to_3600;4;3;221;11294375#0;0;0;219;2198.49
0.00;3600.00;0_to_3600;4;1;219;11294375#2;0;0;214;2882.04
0.00;3600.00;0_to_3600;5;4;207;11294375#3;0;0;206;2129.22
0.00;3600.00;0_to_3600;0;0;0;1143919179#0;0;0;0;0.00
0.00;3600.00;0_to_3600;0;0;0;1143919182;0;0;0;0.00
0.00;3600.00;0_to_3600;4;4;84;1150906866;0;0;83;1136.25
0.00;3600.00;0_to_3600;0;26;13;1153265597#0;0;0;38;975.78
0.00;3600.00;0_to_3600;2;0;2;1156101769#0;0;0;0;48.77
0.00;3600.00;0_to_3600;4;5;167;1156329248;0;0;168;1219.57
0.00;3600.00;0_to_3600;3;3;29;1156329250;0;0;28;169.13
0.00;3600.00;0_to_3600;4;7;324;1156337042;0;0;322;5394.81
0.00;3600.00;0_to_3600;1;3;64;1162840696#0;0;0;66;151.06
0.00;3600.00;0_to_3600;3;5;6;1162841664#0;0;0;8;71.45
0.00;3600.00;0_to_3600;3;5;11;1167764376;0;0;13;165.30
0.00;3600.00;0_to_3600;4;7;347;1168195444#0;291;291;330;19183.12
0.00;3600.00;0_to_3600;4;6;249;117055114;0;0;245;11823.83
0.00;3600.00;0_to_3600;4;3;151;117055115;0;0;150;114.59
0.00;3600.00;0_to_3600;5;0;51;1174387985#0;0;0;46;95.89
0.00;3600.00;0_to_3600;1;0;47;1174387985#1;0;0;46;35.43
0.00;3600.00;0_to_3600;3;0;33;1174387986;0;0;30;21.40
0.00;3600.00;0_to_3600;5;4;58;1174387992;0;0;57;80.47
0.00;3600.00;0_to_3600;0;0;0;1174838574;0;0;0;0.00
0.00;3600.00;0_to_3600;0;0;0;1189500284;0;0;0;0.00
0.00;3600.00;0_to_3600;17;0;17;119180322;0;0;0;254.54
0.00;3600.00;0_to_3600;2;4;130;119180342#0;3;3;132;696.45
0.00;3600.00;0_to_3600;7;2;33;1193930026;0;0;28;96.79
0.00;3600.00;0_to_3600;2;0;16;1196782590#0;0;0;14;40.07
0.00;3600.00;0_to_3600;2;0;14;1196782590#3;0;0;12;7.43
0.00;3600.00;0_to_3600;0;0;0;1198622058;0;0;0;0.00
0.00;3600.00;0_to_3600;0;0;0;1198622059;0;0;0;0.00
0.00;3600.00;0_to_3600;5;2;28;1198625656;0;0;25;391.23
0.00;3600.00;0_to_3600;6;4;114;1198625658;0;0;111;2392.05
0.00;3600.00;0_to_3600;6;2;197;121794822#0;0;0;191;8018.29
0.00;3600.00;0_to_3600;6;5;85;121794822#3;0;0;84;681.39
0.00;3600.00;0_to_3600;4;4;59;121794822#5;0;0;58;743.13
0.00;3600.00;0_to_3600;1;4;34;121794822#6;0;0;37;272.03
0.00;3600.00;0_to_3600;6;4;27;121794822#8;0;0;25;196.37
0.00;3600.00;0_to_3600;19;0;19;121794824;0;0;0;679.12
0.00;3600.00;0_to_3600;3;5;50;121794825#0;0;0;52;147.42
0.00;3600.00;0_to_3600;3;5;26;121794825#1;0;0;28;707.00
0.00;3600.00;0_to_3600;13;0;13;121794825#3;0;0;0;32.81
0.00;3600.00;0_to_3600;3;4;23;121794826;0;0;23;868.89
0.00;3600.00;0_to_3600;7;4;8;121794827;0;0;5;368.04
0.00;3600.00;0_to_3600;0;0;196;1235594465;12;12;195;1080.48
0.00;3600.00;0_to_3600;0;0;0;1236138841;0;0;0;0.00
0.00;3600.00;0_to_3600;0;0;0;1236138843;0;0;0;0.00
0.00;3600.00;0_to_3600;0;0;0;1236456853#0;0;0;0;0.00
0.00;3600.00;0_to_3600;0;0;0;1238081827;0;0;0;0.00
0.00;3600.00;0_to_3600;0;0;0;1239207126;0;0;0;0.00
0.00;3600.00;0_to_3600;0;0;0;1239219871;0;0;0;0.00
0.00;3600.00;0_to_3600;0;0;0;1245256709;0;0;0;0.00
0.00;3600.00;0_to_3600;0;0;0;1245258622;0;0;0;0.00
0.00;3600.00;0_to_3600;4;1;50;124862953;0;0;47;39.62
0.00;3600.00;0_to_3600;15;0;15;124862958#0;0;0;0;83.64
0.00;3600.00;0_to_3600;2;6;10;124862960;0;0;14;85.43
0.00;3600.00;0_to_3600;5;0;14;124862962;0;0;9;80.71
0.00;3600.00;0_to_3600;9;0;9;124862963#0;0;0;0;63.50
0.00;3600.00;0_to_3600;0;17;0;1263793722#0;0;0;16;347.98
0.00;3600.00;0_to_3600;2;5;31;1263793723;0;0;32;951.45
0.00;3600.00;0_to_3600;2;4;16;1263954923;0;0;18;1955.67
0.00;3600.00;0_to_3600;2;3;46;1263954924;0;0;46;2004.99
0.00;3600.00;0_to_3600;0;2;263;1263955158#0;0;0;257;10643.26
0.00;3600.00;0_to_3600;3;3;256;1263955158#1;0;0;253;4246.09
0.00;3600.00;0_to_3600;2;4;335;1264281862;98;98;337;2114.27
0.00;3600.00;0_to_3600;3;3;132;1264687285;0;0;132;110.07
0.00;3600.00;0_to_3600;1;5;30;1267194155#0;0;0;29;5563.23
0.00;3600.00;0_to_3600;3;5;260;1287393211#0;0;0;252;22945.68
0.00;3600.00;0_to_3600;3;3;271;1287393211#3;0;0;253;39327.35
0.00;3600.00;0_to_3600;4;2;289;1287393212#0;0;0;272;33603.84
0.00;3600.00;0_to_3600;3;5;14;1298817713;0;0;16;396.58
0.00;3600.00;0_to_3600;3;2;164;1298952887;0;0;159;1532.36
0.00;3600.00;0_to_3600;0;0;0;1305384087;0;0;0;0.00
0.00;3600.00;0_to_3600;0;0;0;1305393688;0;0;0;0.00
0.00;3600.00;0_to_3600;3;8;43;1307684785#0;0;0;48;632.61
0.00;3600.00;0_to_3600;3;4;33;1307684785#1;0;0;34;146.76
0.00;3600.00;0_to_3600;4;3;103;1307684786#0;0;0;102;789.60
0.00;3600.00;0_to_3600;3;2;15;1307687510;0;0;14;150.84
0.00;3600.00;0_to_3600;4;3;14;1308361365;0;0;13;74.59
0.00;3600.00;0_to_3600;3;8;13;1308361545#0;0;0;18;105.57
0.00;3600.00;0_to_3600;0;0;0;131916344;0;0;0;0.00
0.00;3600.00;0_to_3600;0;0;0;131916347#0;0;0;0;0.00
0.00;3600.00;0_to_3600;0;0;0;131916347#2;0;0;0;0.00
0.00;3600.00;0_to_3600;0;0;0;131916347#3;0;0;0;0.00
0.00;3600.00;0_to_3600;0;0;0;131916347#4;0;0;0;0.00
0.00;3600.00;0_to_3600;0;0;0;131916347#5;0;0;0;0.00
0.00;3600.00;0_to_3600;0;0;0;131916348#0;0;0;0;0.00
0.00;3600.00;0_to_3600;0;0;0;131954303;0;0;0;0.00
0.00;3600.00;0_to_3600;0;0;0;132043932;0;0;0;0.00
0.00;3600.00;0_to_3600;0;0;0;132043933;0;0;0;0.00
0.00;3600.00;0_to_3600;0;0;0;132043934#0;0;0;0;0.00
0.00;3600.00;0_to_3600;0;0;0;132043934#1;0;0;0;0.00
0.00;3600.00;0_to_3600;4;2;30;132148870#2;0;0;28;93.32
0.00;3600.00;0_to_3600;4;2;42;132148870#3;0;0;40;639.05
0.00;3600.00;0_to_3600;2;1;7;132148873;0;0;6;284.57
0.00;3600.00;0_to_3600;0;0;0;132376876;0;0;0;0.00
0.00;3600.00;0_to_3600;0;0;0;132453746;0;0;0;0.00
0.00;3600.00;0_to_3600;0;0;0;132453750#0;0;0;0;0.00
0.00;3600.00;0_to_3600;0;0;0;132453751;0;0;0;0.00
0.00;3600.00;0_to_3600;0;0;0;132453755;0;0;0;0.00
0.00;3600.00;0_to_3600;0;0;0;132453757;0;0;0;0.00
0.00;3600.00;0_to_3600;0;0;0;132453762;0;0;0;0.00
0.00;3600.00;0_to_3600;1;4;46;13430690#0;0;0;49;794.96
0.00;3600.00;0_to_3600;0;4;136;135300821#0;17;17;140;1524.21
0.00;3600.00;0_to_3600;2;4;14;135302385#0;0;0;16;38.17
0.00;3600.00;0_to_3600;5;3;417;13548014;0;0;413;6719.37
0.00;3600.00;0_to_3600;0;0;0;13548482#0;0;0;0;0.00
0.00;3600.00;0_to_3600;0;0;0;13548482#1;0;0;0;0.00
0.00;3600.00;0_to_3600;0;0;0;135896056;0;0;0;0.00
0.00;3600.00;0_to_3600;0;0;0;135896058;0;0;0;0.00
0.00;3600.00;0_to_3600;3;3;125;136174723;0;0;125;2127.17
0.00;3600.00;0_to_3600;3;5;322;13654337;142;142;324;3666.21
0.00;3600.00;0_to_3600;5;1;231;13654338;34;34;218;16059.39
0.00;3600.00;0_to_3600;1;3;170;13654453;0;0;167;10210.01
0.00;3600.00;0_to_3600;0;8;314;13654454;47;47;322;1461.06
0.00;3600.00;0_to_3600;0;0;0;137118869;0;0;0;0.00
0.00;3600.00;0_to_3600;1;9;143;137238867#0;0;0;151;3808.10
0.00;3600.00;0_to_3600;2;3;19;137238867#2;0;0;19;74.64
0.00;3600.00;0_to_3600;3;2;169;137238867#3;0;0;168;662.06
0.00;3600.00;0_to_3600;4;4;219;137241321;0;0;218;287.54
0.00;3600.00;0_to_3600;0;0;0;137419461#0;0;0;0;0.00
0.00;3600.00;0_to_3600;0;0;0;137419461#1;0;0;0;0.00
0.00;3600.00;0_to_3600;0;0;0;137419461#2;0;0;0;0.00
0.00;3600.00;0_to_3600;0;0;0;137634033;0;0;0;0.00
0.00;3600.00;0_to_3600;0;13;0;13764245#0;0;0;13;399.12
0.00;3600.00;0_to_3600;3;0;3;13764247#0;0;0;0;54.81
0.00;3600.00;0_to_3600;2;6;157;13764389;0;0;161;185.04
0.00;3600.00;0_to_3600;3;2;62;137848161;0;0;59;1343.30
0.00;3600.00;0_to_3600;6;6;187;13853655#1;0;0;187;598.00
0.00;3600.00;0_to_3600;6;2;146;13853655#2;0;0;142;1950.21
0.00;3600.00;0_to_3600;0;0;0;13853657;0;0;0;0.00
0.00;3600.00;0_to_3600;4;8;59;13853658;0;0;63;729.74
0.00;3600.00;0_to_3600;3;5;161;13853659#0;0;0;163;1282.09
0.00;3600.00;0_to_3600;2;4;163;13853659#1;0;0;163;1496.34
0.00;3600.00;0_to_3600;2;4;7;13853661#0;0;0;9;188.84
0.00;3600.00;0_to_3600;0;4;11;13853661#2;0;0;15;215.32
0.00;3600.00;0_to_3600;0;0;0;138717593#0;0;0;0;0.00
0.00;3600.00;0_to_3600;0;0;0;138717593#1;0;0;0;0.00
0.00;3600.00;0_to_3600;0;0;0;138748684;0;0;0;0.00
0.00;3600.00;0_to_3600;0;0;0;138748689;0;0;0;0.00
0.00;3600.00;0_to_3600;4;7;124;14108346;0;0;127;164.92
0.00;3600.00;0_to_3600;3;5;401;14108392;0;0;403;461.17
0.00;3600.00;0_to_3600;0;0;53;14118780#0;0;0;53;40.16
0.00;3600.00;0_to_3600;0;0;150;14118780#1;0;0;150;114.43
0.00;3600.00;0_to_3600;0;0;164;14118780#2;0;0;164;119.75
0.00;3600.00;0_to_3600;0;0;214;14118780#3;0;0;214;165.05
0.00;3600.00;0_to_3600;0;0;198;14118780#4;0;0;198;215.48
0.00;3600.00;0_to_3600;0;0;44;14118780#5;0;0;44;42.63
0.00;3600.00;0_to_3600;4;8;10;14118783;0;0;14;341.18
0.00;3600.00;0_to_3600;5;3;25;14118784#0;0;0;22;420.21
0.00;3600.00;0_to_3600;3;4;23;14118784#1;0;0;23;638.77
0.00;3600.00;0_to_3600;4;4;16;14118785#0;0;0;16;155.94
0.00;3600.00;0_to_3600;3;4;28;14118785#1;0;0;27;1070.05
0.00;3600.00;0_to_3600;13;0;22;14362916#0;0;0;9;244.73
0.00;3600.00;0_to_3600;14;0;14;14362919#0;0;0;0;121.92
0.00;3600.00;0_to_3600;2;9;66;14471542#1;0;0;73;70.05
0.00;3600.00;0_to_3600;2;6;57;14471542#11;0;0;61;313.24
0.00;3600.00;0_to_3600;4;6;61;14471542#12;0;0;63;238.56
0.00;3600.00;0_to_3600;4;8;60;14471542#2;0;0;64;782.45
0.00;3600.00;0_to_3600;5;6;64;14471542#3;0;0;65;632.68
0.00;3600.00;0_to_3600;6;2;65;14471542#4;0;0;61;288.60
0.00;3600.00;0_to_3600;5;8;61;14471542#5;0;0;64;65.72
0.00;3600.00;0_to_3600;5;4;64;14471542#6;0;0;63;140.40
0.00;3600.00;0_to_3600;5;1;63;14471542#8;0;0;59;476.52
0.00;3600.00;0_to_3600;3;1;59;14471542#9;0;0;57;585.59
0.00;3600.00;0_to_3600;0;10;0;14473580;0;0;10;392.77
0.00;3600.00;0_to_3600;0;0;0;14475193#0;0;0;0;0.00
0.00;3600.00;0_to_3600;2;6;5;145550723;0;0;9;333.93
0.00;3600.00;0_to_3600;11;0;11;145550725#0;0;0;0;399.35
0.00;3600.00;0_to_3600;1;3;3;14626329#0;0;0;5;142.31
0.00;3600.00;0_to_3600;3;0;54;14626330#0;0;0;51;269.96
0.00;3600.00;0_to_3600;2;0;3;14626331;0;0;1;31.81
0.00;3600.00;0_to_3600;1;4;29;14626335#0;0;0;32;312.04
0.00;3600.00;0_to_3600;4;6;9;14626335#4;0;0;11;114.72
0.00;3600.00;0_to_3600;3;3;84;14858640;0;0;84;356.95
0.00;3600.00;0_to_3600;5;3;262;14858642#0;0;0;260;109.58
0.00;3600.00;0_to_3600;3;2;344;14858642#1;59;59;341;6400.65
0.00;3600.00;0_to_3600;3;4;229;14858643#0;3;3;230;468.81
0.00;3600.00;0_to_3600;0;16;0;14858868;0;0;16;181.21
0.00;3600.00;0_to_3600;2;6;14;150275971;0;0;18;58.32
0.00;3600.00;0_to_3600;0;17;0;150275973#0;0;0;17;242.79
0.00;3600.00;0_to_3600;4;5;14;150275980#0;0;0;15;243.03
0.00;3600.00;0_to_3600;2;4;56;150275984#1;0;0;58;259.30
0.00;3600.00;0_to_3600;2;4;58;150275984#2;0;0;60;100.89
0.00;3600.00;0_to_3600;4;3;60;150275984#3;0;0;59;228.86
0.00;3600.00;0_to_3600;3;3;59;150275984#4;0;0;59;327.96
0.00;3600.00;0_to_3600;4;2;67;150275984#5;0;0;64;881.43
0.00;3600.00;0_to_3600;0;23;0;150275985#0;0;0;23;223.42
0.00;3600.00;0_to_3600;2;4;27;150275986#0;0;0;29;537.05
0.00;3600.00;0_to_3600;5;10;59;150275986#2;0;0;64;430.14
0.00;3600.00;0_to_3600;3;6;64;150275986#3;0;0;67;181.81
0.00;3600.00;0_to_3600;1;2;67;150275986#4;0;0;68;96.64
0.00;3600.00;0_to_3600;4;3;57;150275986#5;0;0;56;429.62
0.00;3600.00;0_to_3600;2;7;68;150275988#0;0;0;73;1125.69
0.00;3600.00;0_to_3600;5;7;73;150275988#3;0;0;75;292.14
0.00;3600.00;0_to_3600;1;3;75;150275988#5;0;0;77;1072.12
0.00;3600.00;0_to_3600;3;5;40;150275991#0;0;0;42;198.85
0.00;3600.00;0_to_3600;3;9;54;150275991#1;0;0;56;2131.73
0.00;3600.00;0_to_3600;1;4;162;150275992#0;0;0;148;20346.64
0.00;3600.00;0_to_3600;0;1;315;150275995#0;0;0;310;3332.42
0.00;3600.00;0_to_3600;0;1;369;150275999#0;0;0;356;16945.75
0.00;3600.00;0_to_3600;0;4;28;150276002;0;0;32;163.05
0.00;3600.00;0_to_3600;3;5;3;150276003#0;0;0;5;111.11
0.00;3600.00;0_to_3600;0;5;5;150276003#2;0;0;10;295.08
0.00;3600.00;0_to_3600;0;0;0;150276011#0;0;0;0;0.00
0.00;3600.00;0_to_3600;1;4;16;150276013#0;0;0;19;136.38
0.00;3600.00;0_to_3600;1;3;11;150276013#1;0;0;13;237.50
0.00;3600.00;0_to_3600;6;1;97;150276015#0;0;0;92;2171.93
0.00;3600.00;0_to_3600;3;6;224;15089551;0;0;225;1753.11
0.00;3600.00;0_to_3600;0;3;302;15089643;0;0;305;1183.19
0.00;3600.00;0_to_3600;1;4;4;155433040#0;0;0;7;200.68
0.00;3600.00;0_to_3600;4;2;25;155433041;0;0;23;803.77
0.00;3600.00;0_to_3600;12;0;12;155472436#0;0;0;0;176.35
0.00;3600.00;0_to_3600;1;3;4;158331590;0;0;6;16.83
0.00;3600.00;0_to_3600;0;0;0;159038284;0;0;0;0.00
0.00;3600.00;0_to_3600;3;7;12;159636082;0;0;16;1478.77
0.00;3600.00;0_to_3600;0;1;46;159636083#0;0;0;37;32794.75
0.00;3600.00;0_to_3600;2;6;32;159636083#2;0;0;36;1003.61
0.00;3600.00;0_to_3600;2;1;52;159636084#0;0;0;50;2403.27
0.00;3600.00;0_to_3600;0;3;38;159636084#1;0;0;40;2522.03
0.00;3600.00;0_to_3600;0;3;24;159636085#0;0;0;27;1969.64
0.00;3600.00;0_to_3600;1;2;42;159636085#1;0;0;42;2749.08
0.00;3600.00;0_to_3600;0;0;0;159636087;0;0;0;0.00
0.00;3600.00;0_to_3600;0;0;0;159636088#0;0;0;0;0.00
0.00;3600.00;0_to_3600;0;0;0;159636088#2;0;0;0;0.00
0.00;3600.00;0_to_3600;0;0;0;159636088#3;0;0;0;0.00
0.00;3600.00;0_to_3600;6;8;74;16233734#0;0;0;76;978.94
0.00;3600.00;0_to_3600;7;4;75;16233735#0;2;2;70;1082.87
0.00;3600.00;0_to_3600;0;21;0;162611854#0;0;0;21;193.75
0.00;3600.00;0_to_3600;0;4;19;162611854#1;0;0;23;19.34
0.00;3600.00;0_to_3600;5;1;45;162611854#2;0;0;41;1125.32
0.00;3600.00;0_to_3600;1;3;155;17073048#0;5;5;157;2359.32
0.00;3600.00;0_to_3600;4;3;117;174272149;0;0;113;8681.45
0.00;3600.00;0_to_3600;3;1;67;174272151;0;0;61;9916.88
0.00;3600.00;0_to_3600;1;4;24;174272152;0;0;27;1925.33
0.00;3600.00;0_to_3600;2;0;106;174272153;0;0;99;14513.50
0.00;3600.00;0_to_3600;3;4;68;174272154#0;0;0;65;5808.92
0.00;3600.00;0_to_3600;4;5;7;175206104;0;0;8;163.29
0.00;3600.00;0_to_3600;3;8;8;175206107#0;0;0;11;1032.17
0.00;3600.00;0_to_3600;0;22;0;175976586#0;0;0;22;367.93
0.00;3600.00;0_to_3600;0;10;36;175976586#4;0;0;46;645.47
0.00;3600.00;0_to_3600;0;2;46;175976586#6;0;0;48;365.29
0.00;3600.00;0_to_3600;7;7;107;17670100#2;0;0;107;1431.62
0.00;3600.00;0_to_3600;3;3;182;17670100#5;0;0;179;2316.17
0.00;3600.00;0_to_3600;4;3;34;17671153;0;0;33;56.56
0.00;3600.00;0_to_3600;1;2;94;180020059#0;0;0;95;1216.84
0.00;3600.00;0_to_3600;5;6;120;180020059#2;0;0;121;829.83
0.00;3600.00;0_to_3600;1;3;113;180020059#4;0;0;115;361.77
0.00;3600.00;0_to_3600;4;3;39;180022161#0;0;0;38;212.16
0.00;3600.00;0_to_3600;3;1;148;180156396#0;0;0;139;6066.15
0.00;3600.00;0_to_3600;0;2;263;180156396#3;0;0;265;668.67
0.00;3600.00;0_to_3600;3;2;265;180156396#4;0;0;263;1016.54
0.00;3600.00;0_to_3600;0;2;35;180160758#0;0;0;34;5118.78
0.00;3600.00;0_to_3600;1;5;168;181218814#0;0;0;152;12964.93
0.00;3600.00;0_to_3600;1;5;249;183251547;0;0;253;2511.34
0.00;3600.00;0_to_3600;2;3;64;183370113#0;0;0;65;53.64
0.00;3600.00;0_to_3600;3;1;65;183370113#2;0;0;63;423.07
0.00;3600.00;0_to_3600;1;8;78;183370113#3;0;0;85;868.83
0.00;3600.00;0_to_3600;3;5;68;183370113#4;0;0;70;854.09
0.00;3600.00;0_to_3600;0;0;0;18657113#0;0;0;0;0.00
0.00;3600.00;0_to_3600;6;10;272;198077804#0;33;33;264;7251.66
0.00;3600.00;0_to_3600;0;8;298;198077804#4;66;66;290;21568.48
0.00;3600.00;0_to_3600;2;11;153;198077805#0;33;33;162;1707.70
0.00;3600.00;0_to_3600;4;4;108;198077805#2;15;15;107;975.87
0.00;3600.00;0_to_3600;3;5;84;19846377#0;0;0;75;6526.21
0.00;3600.00;0_to_3600;0;5;103;19846527#0;0;0;108;1598.84
0.00;3600.00;0_to_3600;0;1;167;19846527#1;0;0;165;2637.42
0.00;3600.00;0_to_3600;6;2;165;19846527#2;0;0;154;2517.56
0.00;3600.00;0_to_3600;1;3;127;21766158;0;0;124;4573.90
0.00;3600.00;0_to_3600;1;2;229;220137286#0;0;0;230;3840.11
0.00;3600.00;0_to_3600;5;7;230;220137286#1;0;0;232;188.97
0.00;3600.00;0_to_3600;4;5;202;220137286#2;0;0;203;625.11
0.00;3600.00;0_to_3600;6;6;60;220267104#0;0;0;60;408.80
0.00;3600.00;0_to_3600;2;2;82;220267105#0;0;0;82;439.26
0.00;3600.00;0_to_3600;4;4;208;220267105#1;0;0;208;2491.11
0.00;3600.00;0_to_3600;7;4;197;220267105#2;0;0;193;2350.76
0.00;3600.00;0_to_3600;1;6;195;220267105#3;0;0;200;932.61
0.00;3600.00;0_to_3600;7;4;200;220267105#4;0;0;197;1508.81
0.00;3600.00;0_to_3600;18;0;18;220267106#0;0;0;0;489.71
0.00;3600.00;0_to_3600;2;6;13;220267107#0;0;0;17;210.15
0.00;3600.00;0_to_3600;2;8;17;220267107#1;0;0;23;293.85
0.00;3600.00;0_to_3600;1;5;55;220267108#0;0;0;59;642.36
0.00;3600.00;0_to_3600;4;4;47;220267247#0;0;0;47;169.08
0.00;3600.00;0_to_3600;2;2;33;220267247#1;0;0;33;142.58
0.00;3600.00;0_to_3600;7;5;33;220267247#2;0;0;31;45.19
0.00;3600.00;0_to_3600;19;0;31;220267247#3;0;0;12;393.05
0.00;3600.00;0_to_3600;0;18;0;23084263#0;0;0;17;223.07
0.00;3600.00;0_to_3600;2;2;32;23084263#1;0;0;32;277.76
0.00;3600.00;0_to_3600;3;2;7;23084282;0;0;6;224.51
0.00;3600.00;0_to_3600;0;23;0;231475823#0;0;0;20;5243.71
0.00;3600.00;0_to_3600;0;15;0;231475826#0;0;0;11;5076.76
0.00;3600.00;0_to_3600;4;3;65;231483312;0;0;64;620.04
0.00;3600.00;0_to_3600;5;4;5;231483313#0;0;0;4;77.90
0.00;3600.00;0_to_3600;0;0;0;231483314;0;0;0;0.00
0.00;3600.00;0_to_3600;0;9;0;231483332#0;8;8;9;166.84
0.00;3600.00;0_to_3600;2;5;138;231483339#0;0;0;140;2346.79
0.00;3600.00;0_to_3600;5;3;255;23179512#0;0;0;253;1635.47
0.00;3600.00;0_to_3600;5;2;253;23179512#1;0;0;250;3545.98
0.00;3600.00;0_to_3600;4;4;77;231940830#0;0;0;76;1888.00
0.00;3600.00;0_to_3600;2;5;58;231945290#0;0;0;61;428.24
0.00;3600.00;0_to_3600;1;2;94;231945290#2;0;0;95;1001.14
0.00;3600.00;0_to_3600;2;4;73;231945290#3;0;0;75;713.99
0.00;3600.00;0_to_3600;3;3;207;231945290#4;0;0;207;325.61
0.00;3600.00;0_to_3600;1;4;56;231945290#5;0;0;59;644.37
0.00;3600.00;0_to_3600;5;4;35;231945290#6;0;0;33;489.18
0.00;3600.00;0_to_3600;0;0;0;23226843;0;0;0;0.00
0.00;3600.00;0_to_3600;0;0;0;232541313#0;0;0;0;0.00
0.00;3600.00;0_to_3600;0;0;0;232541315#0;0;0;0;0.00
0.00;3600.00;0_to_3600;0;0;0;232541316#1;0;0;0;0.00
0.00;3600.00;0_to_3600;0;0;0;232541316#2;0;0;0;0.00
0.00;3600.00;0_to_3600;2;4;3;235542996#0;1;1;5;129.85
0.00;3600.00;0_to_3600;0;0;0;236306864#0;0;0;0;0.00
0.00;3600.00;0_to_3600;0;4;220;237344387;0;0;223;2050.99
0.00;3600.00;0_to_3600;0;0;0;23912283#0;0;0;0;0.00
0.00;3600.00;0_to_3600;2;7;220;239757763;0;0;225;3607.99
0.00;3600.00;0_to_3600;1;1;9;239757874#0;0;0;9;205.03
0.00;3600.00;0_to_3600;4;3;19;239757874#3;0;0;18;46.09
0.00;3600.00;0_to_3600;2;7;28;239889169#0;0;0;33;515.73
0.00;3600.00;0_to_3600;3;2;13;239923867#0;0;0;12;763.83
0.00;3600.00;0_to_3600;4;5;7;240549300#0;0;0;8;20.97
0.00;3600.00;0_to_3600;3;3;24;240549300#2;0;0;22;1134.08
0.00;3600.00;0_to_3600;1;2;50;240549301;0;0;48;6205.58
0.00;3600.00;0_to_3600;2;5;45;244422543#0;0;0;48;860.46
0.00;3600.00;0_to_3600;5;3;256;244422544#0;0;0;252;4464.66
0.00;3600.00;0_to_3600;0;0;11;244422545;0;0;11;14.74
0.00;3600.00;0_to_3600;2;2;90;249386315;0;0;90;251.16
0.00;3600.00;0_to_3600;0;17;0;258274083#0;0;0;17;256.33
0.00;3600.00;0_to_3600;2;4;12;265113916#0;0;0;14;170.18
0.00;3600.00;0_to_3600;5;3;271;265113917#0;0;0;264;5424.86
0.00;3600.00;0_to_3600;3;6;94;265117578;0;0;97;2142.44
0.00;3600.00;0_to_3600;0;0;0;26555672;0;0;0;0.00
0.00;3600.00;0_to_3600;3;6;26;27807643#0;0;0;29;53.17
0.00;3600.00;0_to_3600;2;4;8;27882418#0;0;0;10;54.72
0.00;3600.00;0_to_3600;3;3;25;27882429#0;0;0;25;552.92
0.00;3600.00;0_to_3600;13;0;13;28208884#0;0;0;0;223.33
0.00;3600.00;0_to_3600;8;3;34;28275167;0;0;29;244.96
0.00;3600.00;0_to_3600;0;0;0;28574666#0;0;0;0;0.00
0.00;3600.00;0_to_3600;0;0;0;28575360;0;0;0;0.00
0.00;3600.00;0_to_3600;2;2;15;29000804#0;0;0;15;167.32
0.00;3600.00;0_to_3600;7;3;25;290172305#0;0;0;21;228.55
0.00;3600.00;0_to_3600;3;2;23;290172305#1;0;0;22;567.28
0.00;3600.00;0_to_3600;2;2;43;290172673#0;0;0;43;240.23
0.00;3600.00;0_to_3600;3;7;159;290174549#0;0;0;161;3371.20
0.00;3600.00;0_to_3600;1;2;148;290174549#1;0;0;149;661.60
0.00;3600.00;0_to_3600;4;2;34;290174551#0;0;0;32;383.02
0.00;3600.00;0_to_3600;6;3;32;290174551#1;0;0;29;59.30
0.00;3600.00;0_to_3600;3;2;59;29023713#0;0;0;58;2154.50
0.00;3600.00;0_to_3600;3;6;43;29023870#0;0;0;44;1173.23
0.00;3600.00;0_to_3600;0;0;0;29063062#0;0;0;0;0.00
0.00;3600.00;0_to_3600;4;6;9;291949061#0;0;0;11;650.62
0.00;3600.00;0_to_3600;0;27;0;30215395#0;0;0;27;317.50
0.00;3600.00;0_to_3600;16;0;17;302657565#0;0;0;0;473.16
0.00;3600.00;0_to_3600;3;2;22;305670610;0;0;21;48.47
0.00;3600.00;0_to_3600;3;4;44;307372337#0;10;10;41;5338.01
0.00;3600.00;0_to_3600;3;4;217;307372339#0;5;5;213;6630.81
0.00;3600.00;0_to_3600;5;2;18;307954760#0;0;0;15;350.22
0.00;3600.00;0_to_3600;4;3;370;308337938;0;0;369;727.98
0.00;3600.00;0_to_3600;0;0;382;308431231#0;0;0;382;573.28
0.00;3600.00;0_to_3600;0;0;433;308431231#1;0;0;433;365.44
0.00;3600.00;0_to_3600;0;0;0;308617262;0;0;0;0.00
0.00;3600.00;0_to_3600;0;4;149;31389747;0;0;148;3473.43
0.00;3600.00;0_to_3600;2;3;219;31389787;0;0;213;9972.50
0.00;3600.00;0_to_3600;1;4;149;31411680#0;0;0;149;1763.96
0.00;3600.00;0_to_3600;0;13;5;31411842#0;0;0;18;371.96
0.00;3600.00;0_to_3600;0;0;0;31411969;0;0;0;0.00
0.00;3600.00;0_to_3600;5;11;6;31412878;0;0;12;569.04
0.00;3600.00;0_to_3600;1;4;1;31414790#0;0;0;4;29.53
0.00;3600.00;0_to_3600;3;2;453;31427180;2;2;452;317.27
0.00;3600.00;0_to_3600;18;0;18;31427215#0;0;0;0;145.03
0.00;3600.00;0_to_3600;3;2;531;31427257#0;15;15;529;1035.72
0.00;3600.00;0_to_3600;1;5;463;31427257#3;8;8;466;4285.83
0.00;3600.00;0_to_3600;3;2;65;31427257#4;1;1;64;114.44
0.00;3600.00;0_to_3600;2;3;89;31427257#5;10;10;89;513.53
0.00;3600.00;0_to_3600;4;8;89;31427257#6;3;3;93;260.41
0.00;3600.00;0_to_3600;3;5;93;31427257#7;4;4;95;283.79
0.00;3600.00;0_to_3600;2;1;83;31427257#8;56;56;82;949.27
0.00;3600.00;0_to_3600;3;7;90;31428221#0;0;0;94;1275.20
0.00;3600.00;0_to_3600;1;2;151;31431101#0;0;0;152;2783.22
0.00;3600.00;0_to_3600;3;1;187;31431101#2;0;0;185;986.59
0.00;3600.00;0_to_3600;7;5;185;31431101#3;0;0;183;1490.87
0.00;3600.00;0_to_3600;2;2;183;31431101#5;0;0;183;746.28
0.00;3600.00;0_to_3600;5;5;28;31431343#0;0;0;28;249.69
0.00;3600.00;0_to_3600;4;2;33;31431544#0;0;0;31;559.45
0.00;3600.00;0_to_3600;8;3;17;31431544#3;0;0;12;132.72
0.00;3600.00;0_to_3600;4;5;39;31431544#4;0;0;40;151.20
0.00;3600.00;0_to_3600;5;1;27;31431608;0;0;23;913.46
0.00;3600.00;0_to_3600;0;0;193;31432061#0;0;0;193;133.31
0.00;3600.00;0_to_3600;0;0;213;31432061#1;0;0;213;149.33
0.00;3600.00;0_to_3600;0;0;293;31432061#2;0;0;293;207.17
0.00;3600.00;0_to_3600;0;0;0;31432981#0;0;0;0;0.00
0.00;3600.00;0_to_3600;3;3;78;31445160#0;0;0;77;1283.76
0.00;3600.00;0_to_3600;3;2;46;31445160#1;0;0;44;789.57
0.00;3600.00;0_to_3600;1;4;28;31448934#0;0;0;31;265.43
0.00;3600.00;0_to_3600;1;3;18;31448934#1;0;0;20;147.58
0.00;3600.00;0_to_3600;5;4;69;31448937#0;0;0;68;769.30
0.00;3600.00;0_to_3600;6;6;77;31448937#1;0;0;76;850.22
0.00;3600.00;0_to_3600;5;6;102;31449007;0;0;103;1261.98
0.00;3600.00;0_to_3600;2;4;106;31449010#0;0;0;108;452.96
0.00;3600.00;0_to_3600;3;7;108;31449010#1;0;0;111;1355.63
0.00;3600.00;0_to_3600;5;4;59;31449018;0;0;57;1548.77
0.00;3600.00;0_to_3600;1;5;92;31449245;0;0;96;1248.01
0.00;3600.00;0_to_3600;3;2;103;31459223#0;0;0;102;1063.70
0.00;3600.00;0_to_3600;3;5;34;31512978#0;0;0;36;121.55
0.00;3600.00;0_to_3600;2;4;34;31512978#2;0;0;36;74.90
0.00;3600.00;0_to_3600;0;0;0;31516327#0;0;0;0;0.00
0.00;3600.00;0_to_3600;0;0;0;31516327#1;0;0;0;0.00
0.00;3600.00;0_to_3600;2;6;14;31518448#0;2;2;18;340.44
0.00;3600.00;0_to_3600;2;7;73;31518959#0;0;0;78;1296.78
0.00;3600.00;0_to_3600;4;3;89;31519076#0;0;0;88;459.40
0.00;3600.00;0_to_3600;4;4;88;31519076#1;0;0;88;1167.33
0.00;3600.00;0_to_3600;5;3;88;31519076#2;0;0;86;1638.18
0.00;3600.00;0_to_3600;5;4;273;31520175#0;0;0;272;2101.48
0.00;3600.00;0_to_3600;1;2;93;31520176#0;0;0;94;1319.33
0.00;3600.00;0_to_3600;4;5;109;32200291;0;0;110;1522.64
0.00;3600.00;0_to_3600;0;0;0;32200299;0;0;0;0.00
0.00;3600.00;0_to_3600;2;6;16;327412184;0;0;20;379.00
0.00;3600.00;0_to_3600;0;0;82;33301531;0;0;82;245.34
0.00;3600.00;0_to_3600;1;6;52;33301560#0;0;0;53;2294.05
0.00;3600.00;0_to_3600;0;4;3;33301663#0;0;0;7;61.87
0.00;3600.00;0_to_3600;0;0;0;33301680#0;0;0;0;0.00
0.00;3600.00;0_to_3600;0;15;0;33301688#0;0;0;15;262.54
0.00;3600.00;0_to_3600;2;5;142;34065519;0;0;145;1046.99
0.00;3600.00;0_to_3600;12;0;12;36786443#0;0;0;0;251.70
0.00;3600.00;0_to_3600;0;4;31;36786444#0;0;0;35;274.40
0.00;3600.00;0_to_3600;4;2;60;36786445#0;0;0;58;427.81
0.00;3600.00;0_to_3600;4;4;420;36801001#1;6;6;420;950.18
0.00;3600.00;0_to_3600;2;2;434;36801001#2;3;3;433;1658.58
0.00;3600.00;0_to_3600;0;3;14;36801002#0;0;0;17;513.39
0.00;3600.00;0_to_3600;4;3;201;36801004#0;52;52;200;1636.36
0.00;3600.00;0_to_3600;4;7;176;36801004#1;3;3;179;259.83
0.00;3600.00;0_to_3600;2;7;258;36801004#2;48;48;262;1028.39
0.00;3600.00;0_to_3600;3;4;182;37535329#0;33;33;183;850.94
0.00;3600.00;0_to_3600;2;4;51;37535329#1;9;9;51;1815.02
0.00;3600.00;0_to_3600;4;9;51;37535329#2;7;7;54;3989.25
0.00;3600.00;0_to_3600;3;4;7;377719664;0;0;7;416.76
0.00;3600.00;0_to_3600;4;2;166;377719665;0;0;157;5496.90
0.00;3600.00;0_to_3600;13;0;13;393494867;0;0;0;127.33
0.00;3600.00;0_to_3600;7;7;431;393494868;0;0;410;16279.93
0.00;3600.00;0_to_3600;3;3;6;395073288#0;0;0;6;168.00
0.00;3600.00;0_to_3600;2;5;10;395153043;0;0;12;285.92
0.00;3600.00;0_to_3600;0;0;17;395800497#0;0;0;17;63.82
0.00;3600.00;0_to_3600;0;0;194;395800497#2;0;0;194;312.79
0.00;3600.00;0_to_3600;0;0;185;395800498;0;0;185;907.98
0.00;3600.00;0_to_3600;0;0;39;396062728#0;0;0;39;26.85
0.00;3600.00;0_to_3600;0;0;39;396062728#1;0;0;39;23.96
0.00;3600.00;0_to_3600;0;0;0;396062729;0;0;0;0.00
0.00;3600.00;0_to_3600;0;0;0;396062730;0;0;0;0.00
0.00;3600.00;0_to_3600;1;3;20;396102064;0;0;22;37.92
0.00;3600.00;0_to_3600;0;0;48;39642340;37;37;48;208.44
0.00;3600.00;0_to_3600;0;0;0;396636211;0;0;0;0.00
0.00;3600.00;0_to_3600;3;2;32;396926515;0;0;31;117.78
0.00;3600.00;0_to_3600;1;4;14;396926516#0;0;0;17;43.21
0.00;3600.00;0_to_3600;2;2;291;396926518;0;0;290;1318.06
0.00;3600.00;0_to_3600;0;0;0;396956282;0;0;0;0.00
0.00;3600.00;0_to_3600;4;4;22;399914534#0;0;0;22;276.15
0.00;3600.00;0_to_3600;2;4;12;399914535;0;0;14;122.72
0.00;3600.00;0_to_3600;5;3;63;399914536#0;0;0;60;586.99
0.00;3600.00;0_to_3600;4;7;139;400062404;0;0;142;260.49
0.00;3600.00;0_to_3600;0;6;26;400062406#0;0;0;32;182.04
0.00;3600.00;0_to_3600;4;3;78;400062407#0;0;0;77;593.16
0.00;3600.00;0_to_3600;6;3;38;400062408;0;0;35;530.24
0.00;3600.00;0_to_3600;5;5;66;400586988#0;0;0;66;63.95
0.00;3600.00;0_to_3600;4;3;66;400586988#1;0;0;65;57.76
0.00;3600.00;0_to_3600;3;4;65;400586988#2;0;0;66;327.68
0.00;3600.00;0_to_3600;0;0;0;400587003;0;0;0;0.00
0.00;3600.00;0_to_3600;0;0;0;400587006;0;0;0;0.00
0.00;3600.00;0_to_3600;0;0;0;400587008;0;0;0;0.00
0.00;3600.00;0_to_3600;0;0;0;400587009;0;0;0;0.00
0.00;3600.00;0_to_3600;0;0;0;400587011;0;0;0;0.00
0.00;3600.00;0_to_3600;0;0;0;400587013;0;0;0;0.00
0.00;3600.00;0_to_3600;0;0;0;400587015;0;0;0;0.00
0.00;3600.00;0_to_3600;0;0;0;400587016#0;0;0;0;0.00
0.00;3600.00;0_to_3600;0;0;0;400587016#1;0;0;0;0.00
0.00;3600.00;0_to_3600;0;0;0;400587017;0;0;0;0.00
0.00;3600.00;0_to_3600;0;0;0;400603376#0;0;0;0;0.00
0.00;3600.00;0_to_3600;0;0;0;400665639;0;0;0;0.00
0.00;3600.00;0_to_3600;0;14;0;400961599#0;0;0;14;135.75
0.00;3600.00;0_to_3600;0;0;0;400961616;0;0;0;0.00
0.00;3600.00;0_to_3600;0;0;0;400961618;0;0;0;0.00
0.00;3600.00;0_to_3600;0;0;0;400961620;0;0;0;0.00
0.00;3600.00;0_to_3600;0;0;0;400961623;0;0;0;0.00
0.00;3600.00;0_to_3600;2;8;24;400961625#0;0;0;30;145.85
0.00;3600.00;0_to_3600;4;3;66;40151775;0;0;64;151.80
0.00;3600.00;0_to_3600;2;3;292;40151778;0;0;291;3403.52
0.00;3600.00;0_to_3600;0;2;281;40151779#0;0;0;282;690.96
0.00;3600.00;0_to_3600;7;2;55;40151780#0;0;0;49;503.56
0.00;3600.00;0_to_3600;5;6;135;403882372;5;5;136;133.08
0.00;3600.00;0_to_3600;3;6;499;403882373;104;104;502;1615.46
0.00;3600.00;0_to_3600;4;4;47;403882374;11;11;47;128.41
0.00;3600.00;0_to_3600;0;0;0;40487477#0;0;0;0;0.00
0.00;3600.00;0_to_3600;0;0;0;40487768#0;0;0;0;0.00
0.00;3600.00;0_to_3600;3;2;238;40487883#0;0;0;237;2629.52
0.00;3600.00;0_to_3600;2;5;231;40493384#0;0;0;234;2810.68
0.00;3600.00;0_to_3600;3;7;234;40493384#2;0;0;238;2124.91
0.00;3600.00;0_to_3600;2;4;238;40493384#3;0;0;235;6458.81
0.00;3600.00;0_to_3600;1;7;186;40493385#0;0;0;186;5650.46
0.00;3600.00;0_to_3600;2;4;204;40493386#0;0;0;195;19707.80
0.00;3600.00;0_to_3600;2;5;30;40493418;0;0;33;426.17
0.00;3600.00;0_to_3600;5;3;236;40493501#0;0;0;231;1349.73
0.00;3600.00;0_to_3600;5;4;231;40493501#1;0;0;223;3215.59
0.00;3600.00;0_to_3600;3;9;223;40493501#2;0;0;226;1596.88
0.00;3600.00;0_to_3600;4;3;250;40493501#3;0;0;228;14994.10
0.00;3600.00;0_to_3600;1;2;180;40493501#4;0;0;174;5132.46
0.00;3600.00;0_to_3600;6;2;166;40493502;0;0;161;1188.75
0.00;3600.00;0_to_3600;2;11;55;40493652;0;0;64;317.98
0.00;3600.00;0_to_3600;0;24;0;40598675#0;0;0;24;324.48
0.00;3600.00;0_to_3600;1;3;23;40598675#3;0;0;24;598.44
0.00;3600.00;0_to_3600;2;7;481;40598677#0;0;0;481;5300.68
0.00;3600.00;0_to_3600;2;0;26;410939625;0;0;24;153.72
0.00;3600.00;0_to_3600;4;5;24;410939626;0;0;25;54.35
0.00;3600.00;0_to_3600;3;5;77;410939627;0;0;79;97.60
0.00;3600.00;0_to_3600;3;6;95;413722446;6;6;98;85.79
0.00;3600.00;0_to_3600;1;4;19;413722450;0;0;22;707.98
0.00;3600.00;0_to_3600;0;6;2;413722453#0;0;0;8;268.04
0.00;3600.00;0_to_3600;3;4;343;414404581#0;0;0;340;4097.71
0.00;3600.00;0_to_3600;4;5;69;419709604#0;47;47;70;464.46
0.00;3600.00;0_to_3600;4;0;70;419709604#1;0;0;66;562.27
0.00;3600.00;0_to_3600;0;0;0;430147229#0;0;0;0;0.00
0.00;3600.00;0_to_3600;3;4;40;430855719;0;0;40;1349.21
0.00;3600.00;0_to_3600;1;3;67;4312572#0;0;0;68;1893.14
0.00;3600.00;0_to_3600;0;0;29;4312634#0;0;0;29;159.36
0.00;3600.00;0_to_3600;0;0;40;4312634#1;0;0;40;107.80
0.00;3600.00;0_to_3600;2;4;49;4318228#0;0;0;49;1864.53
0.00;3600.00;0_to_3600;4;3;13;4318237#0;0;0;12;328.70
0.00;3600.00;0_to_3600;7;0;16;4318239#0;0;0;9;453.99
0.00;3600.00;0_to_3600;0;0;0;4318240#1;0;0;0;0.00
0.00;3600.00;0_to_3600;0;0;0;4318240#2;0;0;0;0.00
0.00;3600.00;0_to_3600;3;4;15;4318242#0;0;0;16;231.49
0.00;3600.00;0_to_3600;13;0;29;433333438#0;0;0;16;130.81
0.00;3600.00;0_to_3600;5;4;86;4392761#0;13;13;85;270.15
0.00;3600.00;0_to_3600;0;7;85;4392761#2;9;9;92;169.48
0.00;3600.00;0_to_3600;2;4;86;4392761#3;1;1;87;918.73
0.00;3600.00;0_to_3600;2;4;112;4392761#5;18;18;114;118.17
0.00;3600.00;0_to_3600;0;0;0;43963512#0;0;0;0;0.00
0.00;3600.00;0_to_3600;6;8;202;4422176;4;4;203;3063.76
0.00;3600.00;0_to_3600;6;5;51;4422177;0;0;50;573.61
0.00;3600.00;0_to_3600;0;13;0;4426074#0;0;0;13;622.27
0.00;3600.00;0_to_3600;0;21;0;4426075#0;0;0;19;1775.29
0.00;3600.00;0_to_3600;0;20;6;4426076#0;0;0;26;143.06
0.00;3600.00;0_to_3600;2;3;26;4426076#1;0;0;27;245.11
0.00;3600.00;0_to_3600;3;0;9;4441057#1;0;0;6;11.49
0.00;3600.00;0_to_3600;3;4;201;4441059#1;2;2;202;271.48
0.00;3600.00;0_to_3600;4;2;80;4441061;1;1;78;451.50
0.00;3600.00;0_to_3600;6;6;51;4441062;0;0;51;308.67
0.00;3600.00;0_to_3600;4;4;78;4441063;1;1;78;686.25
0.00;3600.00;0_to_3600;0;6;14;450186403;0;0;20;91.03
0.00;3600.00;0_to_3600;3;2;58;450186404;0;0;57;670.52
0.00;3600.00;0_to_3600;6;12;150;450925440;0;0;156;1295.25
0.00;3600.00;0_to_3600;1;5;467;4690591#0;29;29;470;4923.63
0.00;3600.00;0_to_3600;0;0;45;4690593;0;0;45;78.12
0.00;3600.00;0_to_3600;9;0;9;4690638#0;0;0;0;151.45
0.00;3600.00;0_to_3600;0;13;0;4690639#0;0;0;13;653.93
0.00;3600.00;0_to_3600;12;0;12;4690640#0;9;9;0;290.70
0.00;3600.00;0_to_3600;2;7;5;4690691;0;0;10;193.21
0.00;3600.00;0_to_3600;0;3;0;47027406;0;0;3;7.81
0.00;3600.00;0_to_3600;6;3;158;47027743#0;0;0;155;1918.88
0.00;3600.00;0_to_3600;0;20;0;47027857#0;0;0;20;45.49
0.00;3600.00;0_to_3600;5;6;13;4726679#0;0;0;14;412.55
0.00;3600.00;0_to_3600;3;5;26;4726679#1;0;0;28;227.72
0.00;3600.00;0_to_3600;3;2;28;4726679#2;0;0;27;452.78
0.00;3600.00;0_to_3600;4;4;5;4726680;0;0;5;343.99
0.00;3600.00;0_to_3600;6;1;131;4726681#0;0;0;124;4556.96
0.00;3600.00;0_to_3600;4;8;239;4726681#1;0;0;241;3098.51
0.00;3600.00;0_to_3600;2;3;229;4726681#2;0;0;230;2747.64
0.00;3600.00;0_to_3600;5;4;225;4726681#3;0;0;223;3176.55
0.00;3600.00;0_to_3600;6;4;81;4726684#0;0;0;79;440.71
0.00;3600.00;0_to_3600;4;1;265;4726685#0;0;0;261;4783.32
0.00;3600.00;0_to_3600;7;3;248;4726685#1;0;0;244;3056.91
0.00;3600.00;0_to_3600;3;4;4;4726694#0;0;0;5;202.25
0.00;3600.00;0_to_3600;4;5;96;4726694#2;0;0;97;1597.77
0.00;3600.00;0_to_3600;2;2;16;4726706#0;0;0;16;527.70
0.00;3600.00;0_to_3600;6;3;131;4726706#5;0;0;128;835.88
0.00;3600.00;0_to_3600;3;2;40;4726706#6;0;0;39;766.29
0.00;3600.00;0_to_3600;0;3;100;4726710#0;0;0;103;891.00
0.00;3600.00;0_to_3600;4;7;103;4726710#1;0;0;106;367.04
0.00;3600.00;0_to_3600;2;4;6;4726711#0;0;0;7;171.11
0.00;3600.00;0_to_3600;3;5;13;4726711#1;0;0;14;516.15
0.00;3600.00;0_to_3600;3;6;162;4726712#0;0;0;163;3368.65
0.00;3600.00;0_to_3600;2;7;183;4726717;32;32;188;5140.21
0.00;3600.00;0_to_3600;0;18;0;4726718;0;0;18;196.41
0.00;3600.00;0_to_3600;4;1;409;4726737;69;69;382;16116.22
0.00;3600.00;0_to_3600;1;1;177;4726786#1;58;58;176;2897.59
0.00;3600.00;0_to_3600;0;2;312;4726787#1;61;61;314;2617.70
0.00;3600.00;0_to_3600;1;4;127;4730609;79;79;97;38266.17
0.00;3600.00;0_to_3600;4;6;259;4730616#0;0;0;261;401.65
0.00;3600.00;0_to_3600;5;3;265;4730616#1;0;0;263;206.21
0.00;3600.00;0_to_3600;9;6;262;4730616#2;0;0;258;374.62
0.00;3600.00;0_to_3600;1;5;19;4730618;0;0;23;618.03
0.00;3600.00;0_to_3600;2;8;95;4730619;0;0;101;2905.33
0.00;3600.00;0_to_3600;1;4;41;4730620;0;0;44;747.91
0.00;3600.00;0_to_3600;3;4;57;4730623;0;0;58;1194.57
0.00;3600.00;0_to_3600;3;1;120;4730624;0;0;118;3375.91
0.00;3600.00;0_to_3600;1;6;100;4730627#0;0;0;104;1359.26
0.00;3600.00;0_to_3600;1;2;2;4730631#0;0;0;3;36.39
0.00;3600.00;0_to_3600;2;7;6;4730631#1;0;0;11;155.07
0.00;3600.00;0_to_3600;2;8;83;4730633#0;0;0;89;972.55
0.00;3600.00;0_to_3600;9;7;69;4730634#0;0;0;67;1387.22
0.00;3600.00;0_to_3600;2;1;38;4730636#0;0;0;37;766.40
0.00;3600.00;0_to_3600;4;3;69;4730637#0;0;0;68;815.71
0.00;3600.00;0_to_3600;3;4;108;4730637#1;0;0;109;1602.51
0.00;3600.00;0_to_3600;3;6;109;4730637#2;0;0;112;677.01
0.00;3600.00;0_to_3600;1;5;123;4730637#3;0;0;127;1082.35
0.00;3600.00;0_to_3600;3;6;66;4730637#4;0;0;69;1362.36
0.00;3600.00;0_to_3600;6;7;27;4730638;0;0;28;353.62
0.00;3600.00;0_to_3600;2;6;9;4730644;0;0;13;180.58
0.00;3600.00;0_to_3600;2;2;24;4730647#0;0;0;24;108.22
0.00;3600.00;0_to_3600;0;3;26;4730647#2;0;0;29;581.81
0.00;3600.00;0_to_3600;1;6;20;4730647#3;0;0;25;395.18
0.00;3600.00;0_to_3600;2;7;61;4730648#0;0;0;66;925.51
0.00;3600.00;0_to_3600;3;7;66;4730648#2;0;0;70;528.39
0.00;3600.00;0_to_3600;2;1;59;4730648#3;0;0;58;106.32
0.00;3600.00;0_to_3600;1;6;8;4730649;0;0;13;479.54
0.00;3600.00;0_to_3600;3;3;66;4730651;0;0;66;934.11
0.00;3600.00;0_to_3600;1;5;28;4730654;0;0;32;896.05
0.00;3600.00;0_to_3600;3;0;30;4731082#0;0;0;26;409.98
0.00;3600.00;0_to_3600;9;0;9;4731082#1;0;0;0;212.17
0.00;3600.00;0_to_3600;2;2;86;47426237#0;0;0;86;1048.78
0.00;3600.00;0_to_3600;0;4;23;47426240#0;0;0;27;337.71
0.00;3600.00;0_to_3600;2;4;19;47426241#0;0;0;21;676.90
0.00;3600.00;0_to_3600;5;6;144;47426244#0;0;0;145;747.10
0.00;3600.00;0_to_3600;4;2;145;47426244#1;0;0;143;602.86
0.00;3600.00;0_to_3600;2;7;143;47426244#2;0;0;148;1786.21
0.00;3600.00;0_to_3600;5;3;15;47446166;0;0;12;66.91
0.00;3600.00;0_to_3600;3;3;15;47461591#0;0;0;15;16.26
0.00;3600.00;0_to_3600;2;5;15;47461591#1;0;0;18;408.52
0.00;3600.00;0_to_3600;1;7;97;4760584#0;0;0;103;1185.74
0.00;3600.00;0_to_3600;5;1;108;47895849#0;0;0;104;722.72
0.00;3600.00;0_to_3600;1;6;104;47895849#1;0;0;109;1856.72
0.00;3600.00;0_to_3600;2;1;114;47895849#4;0;0;113;987.80
0.00;3600.00;0_to_3600;4;2;103;47896065;0;0;101;1591.86
0.00;3600.00;0_to_3600;0;0;319;47999869#0;0;0;319;245.70
0.00;3600.00;0_to_3600;0;0;91;47999869#1;0;0;91;64.58
0.00;3600.00;0_to_3600;0;0;86;47999869#2;0;0;86;58.73
0.00;3600.00;0_to_3600;0;0;97;47999869#3;0;0;97;66.36
0.00;3600.00;0_to_3600;3;4;44;47999870;0;0;45;326.64
0.00;3600.00;0_to_3600;3;4;15;47999871;0;0;16;476.63
0.00;3600.00;0_to_3600;3;6;268;47999872;0;0;271;4575.04
0.00;3600.00;0_to_3600;0;0;0;480301021#0;0;0;0;0.00
0.00;3600.00;0_to_3600;0;0;0;480301022#0;0;0;0;0.00
0.00;3600.00;0_to_3600;0;0;0;480301023#0;0;0;0;0.00
0.00;3600.00;0_to_3600;0;0;0;480522774;0;0;0;0.00
0.00;3600.00;0_to_3600;0;0;0;480937385;0;0;0;0.00
0.00;3600.00;0_to_3600;11;0;12;496872852;0;0;0;215.62
0.00;3600.00;0_to_3600;5;1;38;49845715#0;0;0;34;658.59
0.00;3600.00;0_to_3600;0;0;175;507818916;0;0;175;506.44
0.00;3600.00;0_to_3600;0;0;177;510481270#0;0;0;174;2483.13
0.00;3600.00;0_to_3600;0;2;37;510481273#0;0;0;39;77.28
0.00;3600.00;0_to_3600;0;4;39;510481273#1;0;0;43;929.14
0.00;3600.00;0_to_3600;3;5;79;510492454#0;3;3;80;1982.84
0.00;3600.00;0_to_3600;3;0;153;510492456#0;0;0;149;3811.74
0.00;3600.00;0_to_3600;5;0;22;510692962#0;0;0;17;104.15
0.00;3600.00;0_to_3600;0;17;0;510702675#0;0;0;17;938.26
0.00;3600.00;0_to_3600;6;6;210;510702678#1;0;0;210;6483.85
0.00;3600.00;0_to_3600;0;3;17;521008026;0;0;20;129.02
0.00;3600.00;0_to_3600;3;7;21;523287555;0;0;25;352.02
0.00;3600.00;0_to_3600;13;0;25;523287556;0;0;12;72.66
0.00;3600.00;0_to_3600;0;0;0;523773489#0;0;0;0;0.00
0.00;3600.00;0_to_3600;1;3;38;524150311#0;0;0;40;104.50
0.00;3600.00;0_to_3600;1;4;40;524150311#1;0;0;43;346.22
0.00;3600.00;0_to_3600;3;6;133;524150320#0;5;5;136;2425.82
0.00;3600.00;0_to_3600;4;3;76;524150333#0;0;0;75;1281.65
0.00;3600.00;0_to_3600;3;7;77;524150338#0;0;0;81;412.02
0.00;3600.00;0_to_3600;1;2;76;524150342;0;0;77;64.22
0.00;3600.00;0_to_3600;3;6;3;524151750#0;0;0;6;150.64
0.00;3600.00;0_to_3600;2;4;173;5450857#0;0;0;171;6827.63
0.00;3600.00;0_to_3600;2;4;18;5450858#0;0;0;20;346.22
0.00;3600.00;0_to_3600;9;1;45;5450860#0;0;0;37;537.90
0.00;3600.00;0_to_3600;5;3;46;5450860#1;0;0;44;596.86
0.00;3600.00;0_to_3600;7;3;44;5450860#2;0;0;40;205.05
0.00;3600.00;0_to_3600;2;3;40;5450860#3;0;0;41;981.17
0.00;3600.00;0_to_3600;0;0;0;5450861#0;0;0;0;0.00
0.00;3600.00;0_to_3600;0;0;0;5450861#3;0;0;0;0.00
0.00;3600.00;0_to_3600;0;0;0;5451797;0;0;0;0.00
0.00;3600.00;0_to_3600;13;0;13;5451844#0;0;0;0;76.89
0.00;3600.00;0_to_3600;3;6;180;5451917#0;0;0;183;481.40
0.00;3600.00;0_to_3600;1;6;272;5451918#0;12;12;276;2323.07
0.00;3600.00;0_to_3600;2;6;115;552794577#0;0;0;119;909.99
0.00;3600.00;0_to_3600;5;5;163;555922918#0;0;0;163;4969.50
0.00;3600.00;0_to_3600;2;2;41;567036033;0;0;40;802.96
0.00;3600.00;0_to_3600;5;2;41;567036034;0;0;38;948.98
0.00;3600.00;0_to_3600;0;0;0;572850118;0;0;0;0.00
0.00;3600.00;0_to_3600;0;0;0;572850119#0;0;0;0;0.00
0.00;3600.00;0_to_3600;0;0;0;572850119#1;0;0;0;0.00
0.00;3600.00;0_to_3600;0;0;194;582343661;0;0;194;428.32
0.00;3600.00;0_to_3600;0;0;103;583307354;20;20;103;279.30
0.00;3600.00;0_to_3600;0;0;23;583307357;0;0;23;20.26
0.00;3600.00;0_to_3600;0;0;216;583307358;155;155;213;2761.86
0.00;3600.00;0_to_3600;0;0;0;586134754;0;0;0;0.00
0.00;3600.00;0_to_3600;3;7;172;591680761#0;0;0;176;183.74
0.00;3600.00;0_to_3600;2;3;176;591680761#1;0;0;177;1039.83
0.00;3600.00;0_to_3600;3;2;11;606127853;0;0;10;44.16
0.00;3600.00;0_to_3600;6;4;159;606127854#0;0;0;157;982.40
0.00;3600.00;0_to_3600;6;3;260;606127855;0;0;257;252.01
0.00;3600.00;0_to_3600;6;2;58;606127856;0;0;54;102.59
0.00;3600.00;0_to_3600;1;3;13;606502608;0;0;15;17.99
0.00;3600.00;0_to_3600;7;2;32;606502609;0;0;27;32.43
0.00;3600.00;0_to_3600;3;4;250;610739513#0;0;0;235;14807.37
0.00;3600.00;0_to_3600;0;8;107;610739513#1;0;0;115;847.76
0.00;3600.00;0_to_3600;3;5;6;616545123;0;0;8;112.46
0.00;3600.00;0_to_3600;3;5;31;616545124;0;0;32;803.88
0.00;3600.00;0_to_3600;9;0;9;62017785#0;1;1;0;44.92
0.00;3600.00;0_to_3600;3;7;47;62020111;0;0;51;635.01
0.00;3600.00;0_to_3600;3;3;121;62020112#1;18;18;121;838.54
0.00;3600.00;0_to_3600;4;7;89;62020113#0;8;8;92;557.94
0.00;3600.00;0_to_3600;0;16;0;62020114#0;0;0;16;118.69
0.00;3600.00;0_to_3600;18;0;18;62020115#0;0;0;0;288.05
0.00;3600.00;0_to_3600;0;19;0;62020116#0;0;0;19;148.71
0.00;3600.00;0_to_3600;1;3;82;62020117#0;0;0;84;726.93
0.00;3600.00;0_to_3600;5;2;50;62020119#0;0;0;47;442.77
0.00;3600.00;0_to_3600;8;4;121;62020321;26;26;116;2040.26
0.00;3600.00;0_to_3600;6;0;6;625259599;0;0;0;67.37
0.00;3600.00;0_to_3600;0;24;0;625259600;0;0;24;830.11
0.00;3600.00;0_to_3600;2;2;258;627916936#0;0;0;258;2112.99
0.00;3600.00;0_to_3600;4;2;93;627916936#1;0;0;91;1359.80
0.00;3600.00;0_to_3600;3;5;257;627916937;0;0;259;2832.07
0.00;3600.00;0_to_3600;5;4;237;628755544#2;0;0;236;3360.76
0.00;3600.00;0_to_3600;28;5;326;628755546#0;0;0;303;4445.00
0.00;3600.00;0_to_3600;0;4;14;628755547#0;0;0;18;367.37
0.00;3600.00;0_to_3600;0;4;18;628755547#4;0;0;22;351.65
0.00;3600.00;0_to_3600;3;8;58;628757206#0;0;0;62;1123.96
0.00;3600.00;0_to_3600;5;3;135;628762073#0;0;0;133;3672.85
0.00;3600.00;0_to_3600;8;0;8;628762074#0;0;0;0;48.07
0.00;3600.00;0_to_3600;3;2;54;628781004#0;0;0;51;4550.96
0.00;3600.00;0_to_3600;2;5;13;628781006#1;0;0;15;3382.60
0.00;3600.00;0_to_3600;2;4;37;628781006#2;0;0;38;4977.80
0.00;3600.00;0_to_3600;0;6;136;628781006#3;0;0;139;8403.99
0.00;3600.00;0_to_3600;2;3;92;628781006#4;0;0;84;14059.76
0.00;3600.00;0_to_3600;0;4;130;628781006#6;0;0;133;1935.97
0.00;3600.00;0_to_3600;1;2;116;628781006#7;0;0;117;4322.44
0.00;3600.00;0_to_3600;1;1;82;628782529#0;0;0;71;24021.21
0.00;3600.00;0_to_3600;4;5;93;628782529#4;0;0;81;22831.03
0.00;3600.00;0_to_3600;1;3;11;628782529#6;0;0;13;155.51
0.00;3600.00;0_to_3600;2;4;20;628782529#7;0;0;15;6555.55
0.00;3600.00;0_to_3600;6;6;92;628782530;0;0;92;346.47
0.00;3600.00;0_to_3600;5;4;9;628782531;0;0;8;32.21
0.00;3600.00;0_to_3600;0;2;54;633077911;0;0;56;184.99
0.00;3600.00;0_to_3600;0;0;0;633086666;0;0;0;0.00
0.00;3600.00;0_to_3600;0;0;0;634009486;0;0;0;0.00
0.00;3600.00;0_to_3600;0;0;0;635577270;0;0;0;0.00
0.00;3600.00;0_to_3600;0;0;0;637591935;0;0;0;0.00
0.00;3600.00;0_to_3600;4;3;123;643081314#0;0;0;122;239.52
0.00;3600.00;0_to_3600;7;4;15;643082467;0;0;12;50.27
0.00;3600.00;0_to_3600;0;23;6;653443701;0;0;29;392.32
0.00;3600.00;0_to_3600;0;0;0;654207094;0;0;0;0.00
0.00;3600.00;0_to_3600;0;0;0;654207097#0;0;0;0;0.00
0.00;3600.00;0_to_3600;0;0;0;654207098#0;0;0;0;0.00
0.00;3600.00;0_to_3600;0;0;0;654207105#1;0;0;0;0.00
0.00;3600.00;0_to_3600;0;0;0;654207105#2;0;0;0;0.00
0.00;3600.00;0_to_3600;0;0;0;654207105#3;0;0;0;0.00
0.00;3600.00;0_to_3600;0;0;0;654207106;0;0;0;0.00
0.00;3600.00;0_to_3600;4;2;109;654207108;0;0;106;3853.11
0.00;3600.00;0_to_3600;0;17;9;654207120;0;0;26;74.12
0.00;3600.00;0_to_3600;9;0;12;654207122;0;0;3;12.66
0.00;3600.00;0_to_3600;0;14;0;654207127#0;0;0;14;513.20
0.00;3600.00;0_to_3600;4;6;10;654207127#2;0;0;12;699.80
0.00;3600.00;0_to_3600;5;4;24;654207127#3;0;0;23;214.52
0.00;3600.00;0_to_3600;4;2;45;654207127#4;0;0;42;680.15
0.00;3600.00;0_to_3600;5;8;51;654207127#5;0;0;54;728.93
0.00;3600.00;0_to_3600;6;3;135;654207127#6;0;0;132;1693.26
0.00;3600.00;0_to_3600;5;2;159;65583364;0;0;156;1205.74
0.00;3600.00;0_to_3600;5;4;55;65583365#0;0;0;53;601.15
0.00;3600.00;0_to_3600;3;3;50;65583365#1;0;0;50;1100.72
0.00;3600.00;0_to_3600;0;0;0;679761841;0;0;0;0.00
0.00;3600.00;0_to_3600;4;3;409;687383599#0;2;2;408;736.47
0.00;3600.00;0_to_3600;0;0;0;690208690;0;0;0;0.00
0.00;3600.00;0_to_3600;7;4;29;691307157;0;0;26;251.26
0.00;3600.00;0_to_3600;0;17;0;693295225;0;0;17;188.82
0.00;3600.00;0_to_3600;3;5;70;70724346#0;0;0;72;153.03
0.00;3600.00;0_to_3600;2;4;72;70724346#2;0;0;74;443.47
0.00;3600.00;0_to_3600;8;5;512;70724347#0;0;0;509;1292.88
0.00;3600.00;0_to_3600;4;1;508;70724347#2;0;0;498;8246.33
0.00;3600.00;0_to_3600;1;4;65;70724349;0;0;67;1212.58
0.00;3600.00;0_to_3600;5;6;300;720012594#0;0;0;301;3404.98
0.00;3600.00;0_to_3600;7;1;201;720012595#0;0;0;194;4196.08
0.00;3600.00;0_to_3600;0;0;0;732109202;0;0;0;0.00
0.00;3600.00;0_to_3600;0;0;0;732109205;0;0;0;0.00
0.00;3600.00;0_to_3600;0;0;0;732109207;0;0;0;0.00
0.00;3600.00;0_to_3600;2;5;31;745498474;0;0;34;306.45
0.00;3600.00;0_to_3600;1;0;113;745498476#1;0;0;111;1347.57
0.00;3600.00;0_to_3600;4;4;93;745660413#0;0;0;91;796.09
0.00;3600.00;0_to_3600;1;4;101;745660413#2;0;0;103;347.61
0.00;3600.00;0_to_3600;1;3;129;759157551#0;0;0;131;398.85
0.00;3600.00;0_to_3600;0;7;5;7682863#0;0;0;12;142.29
0.00;3600.00;0_to_3600;2;5;26;7682864#0;0;0;29;317.12
0.00;3600.00;0_to_3600;1;2;4;7682864#2;0;0;5;97.44
0.00;3600.00;0_to_3600;2;4;4;7682866#0;0;0;6;354.74
0.00;3600.00;0_to_3600;2;5;6;7682866#2;0;0;9;54.33
0.00;3600.00;0_to_3600;2;2;25;7682875;0;0;25;438.40
0.00;3600.00;0_to_3600;3;2;266;770622525;0;0;256;4845.51
0.00;3600.00;0_to_3600;4;3;93;772942669;0;0;91;2304.87
0.00;3600.00;0_to_3600;4;1;83;781650841;0;0;80;646.40
0.00;3600.00;0_to_3600;3;3;223;781742860#1;0;0;218;11163.42
0.00;3600.00;0_to_3600;5;1;221;781742860#4;0;0;212;3479.83
0.00;3600.00;0_to_3600;3;6;239;781742860#6;0;0;225;19805.62
0.00;3600.00;0_to_3600;2;0;26;803266531#2;0;0;24;411.07
0.00;3600.00;0_to_3600;2;3;28;8139943#0;0;0;29;184.91
0.00;3600.00;0_to_3600;2;4;106;8140188#0;0;0;108;1288.62
0.00;3600.00;0_to_3600;3;2;113;8140188#11;0;0;111;2726.83
0.00;3600.00;0_to_3600;4;5;113;8140188#3;0;0;114;994.06
0.00;3600.00;0_to_3600;2;3;106;8140188#6;0;0;104;2007.64
0.00;3600.00;0_to_3600;1;1;114;8140188#9;0;0;113;1480.91
0.00;3600.00;0_to_3600;2;9;95;8140193#0;0;0;102;1912.88
0.00;3600.00;0_to_3600;0;0;0;8140194#0;0;0;0;0.00
0.00;3600.00;0_to_3600;1;4;222;8140196;0;0;225;2576.78
0.00;3600.00;0_to_3600;1;3;69;8140197#0;0;0;71;849.75
0.00;3600.00;0_to_3600;2;7;62;8140198#0;0;0;67;391.73
0.00;3600.00;0_to_3600;2;4;88;8140199;0;0;90;403.06
0.00;3600.00;0_to_3600;2;3;4;8144186#0;0;0;5;79.01
0.00;3600.00;0_to_3600;5;5;21;8152033#0;0;0;21;115.50
0.00;3600.00;0_to_3600;2;2;21;8152033#1;0;0;21;97.19
0.00;3600.00;0_to_3600;3;3;101;8152035#0;0;0;101;775.12
0.00;3600.00;0_to_3600;0;5;101;8152035#2;0;0;106;1510.80
0.00;3600.00;0_to_3600;7;4;46;8152036#0;0;0;43;112.20
0.00;3600.00;0_to_3600;5;1;43;8152036#1;0;0;39;687.06
0.00;3600.00;0_to_3600;3;1;29;8152037#0;0;0;27;255.40
0.00;3600.00;0_to_3600;5;4;39;8152037#1;0;0;38;373.84
0.00;3600.00;0_to_3600;4;4;91;8152038;0;0;91;1982.16
0.00;3600.00;0_to_3600;4;5;7;8152056;0;0;8;293.28
0.00;3600.00;0_to_3600;1;5;51;8152060#0;0;0;55;565.69
0.00;3600.00;0_to_3600;4;1;68;8152060#1;0;0;65;526.74
0.00;3600.00;0_to_3600;0;0;0;819874585;0;0;0;0.00
0.00;3600.00;0_to_3600;1;5;64;8250527#0;0;0;68;624.60
0.00;3600.00;0_to_3600;3;5;62;8250527#1;0;0;64;553.10
0.00;3600.00;0_to_3600;3;3;76;8250533#0;0;0;76;2001.71
0.00;3600.00;0_to_3600;0;0;0;826580378;0;0;0;0.00
0.00;3600.00;0_to_3600;0;0;0;8298688;0;0;0;0.00
0.00;3600.00;0_to_3600;1;5;23;829968896#1;0;0;27;26.13
0.00;3600.00;0_to_3600;3;5;66;829968897;0;0;68;202.19
0.00;3600.00;0_to_3600;5;7;54;830745951;0;0;56;2393.06
0.00;3600.00;0_to_3600;4;3;5;832487280;0;0;4;71.80
0.00;3600.00;0_to_3600;1;2;43;832488060#1;0;0;43;704.69
0.00;3600.00;0_to_3600;2;3;15;832488061;0;0;16;190.40
0.00;3600.00;0_to_3600;0;0;0;83629545#0;0;0;0;0.00
0.00;3600.00;0_to_3600;0;0;0;83629545#1;0;0;0;0.00
0.00;3600.00;0_to_3600;3;6;25;8382279#0;0;0;28;927.65
0.00;3600.00;0_to_3600;4;5;122;8382279#1;0;0;123;1775.90
0.00;3600.00;0_to_3600;3;2;21;8382281#0;0;0;20;702.70
0.00;3600.00;0_to_3600;2;2;214;8382282#0;0;0;214;1720.46
0.00;3600.00;0_to_3600;2;6;110;8382283#0;0;0;114;749.61
0.00;3600.00;0_to_3600;3;4;113;8382283#3;0;0;114;144.99
0.00;3600.00;0_to_3600;5;3;151;8382285;0;0;149;1879.90
0.00;3600.00;0_to_3600;5;5;30;8382299#0;0;0;29;474.77
0.00;3600.00;0_to_3600;2;2;29;8382299#1;0;0;29;259.11
0.00;3600.00;0_to_3600;1;2;69;8382302#0;0;0;69;804.36
0.00;3600.00;0_to_3600;5;5;92;8382302#1;0;0;92;2635.80
0.00;3600.00;0_to_3600;3;2;18;8382305;0;0;17;488.43
0.00;3600.00;0_to_3600;5;5;59;8382307#0;0;0;59;552.13
0.00;3600.00;0_to_3600;7;1;59;8382307#1;0;0;53;68.22
0.00;3600.00;0_to_3600;2;3;53;8382307#2;0;0;54;248.99
0.00;3600.00;0_to_3600;2;2;308;8382320#0;0;0;308;1878.03
0.00;3600.00;0_to_3600;5;2;66;8382328#0;0;0;62;2448.97
0.00;3600.00;0_to_3600;2;3;78;8382347#0;0;0;79;676.33
0.00;3600.00;0_to_3600;4;3;77;8382347#2;0;0;76;1778.67
0.00;3600.00;0_to_3600;2;5;305;8382354#0;0;0;308;4137.21
0.00;3600.00;0_to_3600;2;7;8;8382358;0;0;13;107.51
0.00;3600.00;0_to_3600;9;2;16;8382359;0;0;9;213.33
0.00;3600.00;0_to_3600;1;3;6;8382365#0;0;0;8;198.38
0.00;3600.00;0_to_3600;4;3;8;8382365#1;0;0;7;121.58
0.00;3600.00;0_to_3600;3;3;18;8382368#0;0;0;18;453.41
0.00;3600.00;0_to_3600;4;2;261;8382385;0;0;256;1294.93
0.00;3600.00;0_to_3600;3;7;14;8382391#0;0;0;17;1444.24
0.00;3600.00;0_to_3600;4;3;176;8382393#0;0;0;175;2136.66
0.00;3600.00;0_to_3600;1;7;173;8382393#3;0;0;179;2673.71
0.00;3600.00;0_to_3600;2;4;23;8382395#0;0;0;20;4069.42
0.00;3600.00;0_to_3600;2;4;91;8382402#0;0;0;93;903.61
0.00;3600.00;0_to_3600;0;6;19;8382402#2;0;0;25;80.28
0.00;3600.00;0_to_3600;1;1;12;8382410#0;0;0;12;148.95
0.00;3600.00;0_to_3600;0;7;14;8382410#1;0;0;21;368.62
0.00;3600.00;0_to_3600;1;4;90;8382421#0;0;0;89;1369.79
0.00;3600.00;0_to_3600;3;2;33;8382429#0;0;0;32;737.36
0.00;3600.00;0_to_3600;3;5;18;8382430#0;0;0;20;472.82
0.00;3600.00;0_to_3600;6;3;40;8382440#0;0;0;37;1587.22
0.00;3600.00;0_to_3600;7;4;12;8382443;0;0;9;385.75
0.00;3600.00;0_to_3600;7;4;8;8382444;0;0;5;330.43
0.00;3600.00;0_to_3600;4;5;19;8382445#0;0;0;20;170.52
0.00;3600.00;0_to_3600;1;3;10;8382445#2;0;0;12;118.32
0.00;3600.00;0_to_3600;3;3;81;8382447#0;0;0;81;213.95
0.00;3600.00;0_to_3600;1;3;72;8382447#2;0;0;74;981.05
0.00;3600.00;0_to_3600;3;3;150;8384886#0;0;0;150;2047.23
0.00;3600.00;0_to_3600;3;6;70;8384893#0;0;0;73;867.98
0.00;3600.00;0_to_3600;2;3;14;8384893#2;0;0;15;170.22
0.00;3600.00;0_to_3600;2;1;153;8384902#0;0;0;152;1556.47
0.00;3600.00;0_to_3600;5;7;146;8384905#0;0;0;147;1755.22
0.00;3600.00;0_to_3600;2;6;30;8384907#0;0;0;34;121.78
0.00;3600.00;0_to_3600;4;3;51;8384914;0;0;50;601.44
0.00;3600.00;0_to_3600;2;2;154;8384918#0;0;0;152;3189.96
0.00;3600.00;0_to_3600;3;4;40;8384926#0;0;0;40;1051.98
0.00;3600.00;0_to_3600;4;1;40;8384926#1;0;0;33;6085.54
0.00;3600.00;0_to_3600;7;4;10;8384928;0;0;7;173.73
0.00;3600.00;0_to_3600;0;5;5;8384930#0;0;0;10;607.15
0.00;3600.00;0_to_3600;2;7;61;8385415#0;0;0;66;815.78
0.00;3600.00;0_to_3600;2;6;24;8385415#1;0;0;28;1117.04
0.00;3600.00;0_to_3600;9;0;10;839709054;1;1;0;247.47
0.00;3600.00;0_to_3600;3;5;88;8404828#1;0;0;87;1539.52
0.00;3600.00;0_to_3600;5;5;429;856293281;3;3;427;14485.40
0.00;3600.00;0_to_3600;6;8;23;856293282;0;0;25;30.94
0.00;3600.00;0_to_3600;1;2;79;856293283;1;1;80;676.47
0.00;3600.00;0_to_3600;3;5;183;856293284;47;47;183;2516.15
0.00;3600.00;0_to_3600;3;3;595;856293285#0;87;87;585;15555.14
0.00;3600.00;0_to_3600;1;2;334;856293285#1;348;348;319;33284.37
0.00;3600.00;0_to_3600;2;6;47;856297346;1;1;51;426.13
0.00;3600.00;0_to_3600;3;3;26;87286857;0;0;26;63.54
0.00;3600.00;0_to_3600;2;2;218;875759959;73;73;197;43689.67
0.00;3600.00;0_to_3600;4;8;258;875759960;47;47;229;26301.96
0.00;3600.00;0_to_3600;4;3;269;875773546;0;0;263;7160.09
0.00;3600.00;0_to_3600;0;18;0;879483837;0;0;18;67.79
0.00;3600.00;0_to_3600;0;0;27;887989674;0;0;27;47.76
0.00;3600.00;0_to_3600;0;3;126;897211373#0;0;0;129;61.78
0.00;3600.00;0_to_3600;1;8;129;897211373#1;23;23;136;617.04
0.00;3600.00;0_to_3600;2;6;251;897325985#1;30;30;255;948.75
0.00;3600.00;0_to_3600;1;2;35;900443644#0;0;0;36;508.78
0.00;3600.00;0_to_3600;3;4;6;9387033#0;0;0;7;152.08
0.00;3600.00;0_to_3600;1;2;106;939752205#0;0;0;106;2678.18
0.00;3600.00;0_to_3600;4;2;79;939752205#2;0;0;75;1598.06
0.00;3600.00;0_to_3600;2;2;108;939752205#4;0;0;103;11243.73
0.00;3600.00;0_to_3600;1;3;103;939752206;0;0;104;3427.46
0.00;3600.00;0_to_3600;3;0;306;939752207;224;224;265;63806.94
0.00;3600.00;0_to_3600;4;4;152;945224009;64;64;141;9034.30
0.00;3600.00;0_to_3600;0;0;0;947381462;0;0;0;0.00
0.00;3600.00;0_to_3600;4;3;25;950756091;0;0;24;101.26
0.00;3600.00;0_to_3600;4;5;8;95742114;0;0;9;39.40
0.00;3600.00;0_to_3600;3;10;256;95742119#1;0;0;263;401.06
0.00;3600.00;0_to_3600;4;1;49;96016135;0;0;46;84.75
0.00;3600.00;0_to_3600;3;2;3;96016144#0;0;0;2;121.37
0.00;3600.00;0_to_3600;11;0;11;96018881#0;0;0;0;142.48
0.00;3600.00;0_to_3600;4;6;196;960773147;0;0;198;1491.20
0.00;3600.00;0_to_3600;4;4;69;960773148#0;0;0;68;1868.31
0.00;3600.00;0_to_3600;3;4;196;960773148#1;0;0;197;506.94
0.00;3600.00;0_to_3600;5;9;193;960773149;0;0;197;3964.32
0.00;3600.00;0_to_3600;0;14;0;963479927#0;15;15;14;396.37
0.00;3600.00;0_to_3600;3;6;53;972497141;0;0;56;50.49
0.00;3600.00;0_to_3600;0;0;0;998997382;0;0;0;0.00
0.00;3600.00;0_to_3600;0;0;0;998997383;0;0;0;0.00
0.00;3600.00;0_to_3600;0;0;0;998997384#1;0;0;0;0.00
0.00;3600.00;0_to_3600;0;0;0;998997385#0;0;0;0;0.00
0.00;3600.00;0_to_3600;0;0;0;998997385#1;0;0;0;0.00
0.00;3600.00;0_to_3600;0;0;0;999084929;0;0;0;0.00
0.00;3600.00;0_to_3600;0;0;0;999084930;0;0;0;0.00
0.00;3600.00;0_to_3600;0;0;0;999084931#1;0;0;0;0.00
